file,line,function,primitive_calls,total_calls,self_seconds,cumulative_seconds
/home/zsun264/bmi500-venv/lib/python3.12/site-packages/legacy_api_wrap/__init__.py,83,fn_compatible,1,1,0.00024234600000000003,1.87457096
/home/zsun264/bmi500-venv/lib/python3.12/site-packages/scanpy/tools/_rank_genes_groups.py,469,rank_genes_groups,1,1,0.000283235,1.874328004
/home/zsun264/bmi500-venv/lib/python3.12/site-packages/scanpy/tools/_rank_genes_groups.py,398,compute_statistics,1,1,0.0023873230000000002,1.8187376620000002
/home/zsun264/bmi500-venv/lib/python3.12/site-packages/scanpy/tools/_rank_genes_groups.py,277,wilcoxon,5,5,0.006732554000000001,1.76696336
/home/zsun264/bmi500-venv/lib/python3.12/site-packages/scanpy/tools/_rank_genes_groups.py,45,_ranks,5,5,0.014185397,1.4842855590000001
/home/zsun264/bmi500-venv/lib/python3.12/site-packages/pandas/core/generic.py,10012,rank,4,4,2.8679e-05,1.381846348
/home/zsun264/bmi500-venv/lib/python3.12/site-packages/pandas/core/generic.py,10127,ranker,4,4,0.000129867,1.3818144090000002
/home/zsun264/bmi500-venv/lib/python3.12/site-packages/pandas/core/algorithms.py,1067,rank,4,4,1.3805809180000002,1.3808428540000002
/home/zsun264/bmi500-venv/lib/python3.12/site-packages/pandas/core/indexing.py,1177,__getitem__,59,60,0.00043736400000000004,0.11062250200000001
/home/zsun264/bmi500-venv/lib/python3.12/site-packages/pandas/core/indexing.py,1690,_getitem_tuple,41,41,0.000264216,0.10690289200000001
/home/zsun264/bmi500-venv/lib/python3.12/site-packages/pandas/core/indexing.py,1720,_getitem_axis,57,57,0.000322956,0.106008054
/home/zsun264/bmi500-venv/lib/python3.12/site-packages/pandas/core/indexing.py,1206,_getbool_axis,23,23,9.571900000000001e-05,0.1037338
/home/zsun264/bmi500-venv/lib/python3.12/site-packages/pandas/core/generic.py,4164,_take_with_is_copy,23,23,0.000144496,0.10260440800000001
/home/zsun264/bmi500-venv/lib/python3.12/site-packages/pandas/core/generic.py,4049,take,23,23,0.000284526,0.10202508900000001
/home/zsun264/bmi500-venv/lib/python3.12/site-packages/scanpy/tools/_rank_genes_groups.py,174,_basic_stats,1,1,0.000312236,0.102000668
/home/zsun264/bmi500-venv/lib/python3.12/site-packages/pandas/core/internals/managers.py,888,take,23,23,0.000173747,0.100845905
/home/zsun264/bmi500-venv/lib/python3.12/site-packages/pandas/core/indexing.py,1005,_getitem_tuple_same_dim,16,16,0.00017651800000000002,0.10076889700000001
/home/zsun264/bmi500-venv/lib/python3.12/site-packages/pandas/core/internals/managers.py,642,reindex_indexer,24,24,0.00038011200000000005,0.098919855
/home/zsun264/bmi500-venv/lib/python3.12/site-packages/scipy/sparse/_index.py,29,__getitem__,12,12,0.00012628000000000002,0.09696871800000001
/home/zsun264/bmi500-venv/lib/python3.12/site-packages/pandas/core/internals/blocks.py,1353,take_nd,39,39,0.00035057400000000004,0.096879565
/home/zsun264/bmi500-venv/lib/python3.12/site-packages/pandas/core/array_algos/take.py,59,take_nd,53,54,0.00021767500000000002,0.096450511
/home/zsun264/bmi500-venv/lib/python3.12/site-packages/pandas/core/array_algos/take.py,120,_take_nd_ndarray,53,53,0.09541734900000001,0.09616484600000001
/home/zsun264/bmi500-venv/lib/python3.12/site-packages/scipy/sparse/_csc.py,140,_get_arrayXslice,8,8,3.7679e-05,0.09047466700000001
/home/zsun264/bmi500-venv/lib/python3.12/site-packages/scipy/sparse/_compressed.py,651,_minor_index_fancy,8,8,0.000284437,0.090427438
/home/zsun264/bmi500-venv/lib/python3.12/site-packages/scanpy/tools/_rank_genes_groups.py,70,<lambda>,4,4,4.5898e-05,0.087463915
/home/zsun264/bmi500-venv/lib/python3.12/site-packages/scanpy/tools/_rank_genes_groups.py,56,<lambda>,4,4,1.8629e-05,0.081431049
/home/zsun264/bmi500-venv/lib/python3.12/site-packages/scipy/sparse/_compressed.py,1002,toarray,4,4,5.1250000000000006e-05,0.08141242
~,0,<built-in method scipy.sparse._sparsetools.csr_todense>,4,4,0.081176973,0.081176973
~,0,<built-in method scipy.sparse._sparsetools.csr_column_index2>,8,8,0.077728007,0.077728007
/home/zsun264/bmi500-venv/lib/python3.12/site-packages/pandas/core/frame.py,11688,sum,16,16,0.00010908700000000001,0.06889023400000001
/home/zsun264/bmi500-venv/lib/python3.12/site-packages/pandas/core/generic.py,12563,sum,16,16,7.771e-05,0.068689208
/home/zsun264/bmi500-venv/lib/python3.12/site-packages/pandas/core/generic.py,12524,_min_count_stat_function,16,16,0.000256346,0.068611498
/home/zsun264/bmi500-venv/lib/python3.12/site-packages/pandas/core/frame.py,11462,_reduce,16,16,0.004313756,0.06826718400000001
/home/zsun264/bmi500-venv/lib/python3.12/site-packages/pandas/core/internals/managers.py,1502,reduce,16,16,0.00018667800000000002,0.061359881000000005
/home/zsun264/bmi500-venv/lib/python3.12/site-packages/pandas/core/internals/blocks.py,400,reduce,16,16,0.000134738,0.058590452
/home/zsun264/bmi500-venv/lib/python3.12/site-packages/pandas/core/frame.py,11485,blk_func,16,16,0.00010528700000000001,0.058069702
/home/zsun264/bmi500-venv/lib/python3.12/site-packages/pandas/core/nanops.py,76,_f,16,16,0.00017585700000000002,0.05795709600000001
/home/zsun264/bmi500-venv/lib/python3.12/site-packages/pandas/core/nanops.py,389,new_func,16,16,0.00010652800000000001,0.057576833
/home/zsun264/bmi500-venv/lib/python3.12/site-packages/pandas/core/nanops.py,455,newfunc,16,16,0.000161859,0.057470305000000006
/home/zsun264/bmi500-venv/lib/python3.12/site-packages/pandas/core/nanops.py,604,nansum,16,16,0.00018975600000000002,0.057308446000000006
~,0,<method 'reduce' of 'numpy.ufunc' objects>,270,270,0.035482447,0.035482447
/opt/modules/Python/3.12.13/lib/python3.12/functools.py,907,wrapper,1,1,6.97e-06,0.035193721000000004
/home/zsun264/bmi500-venv/lib/python3.12/site-packages/scanpy/_utils/__init__.py,781,_check_nonnegative_integers_in_mem,1,1,0.034845467000000005,0.034986794
~,0,<method 'sum' of 'numpy.ndarray' objects>,33,33,0.000129877,0.032259458000000005
/home/zsun264/bmi500-venv/lib/python3.12/site-packages/numpy/core/_methods.py,47,_sum,33,33,4.2749e-05,0.032129581000000004
<frozen importlib._bootstrap>,1349,_find_and_load,1,25,0.00014871800000000002,0.024904711000000003
<frozen importlib._bootstrap>,1304,_find_and_load_unlocked,1,25,0.000125936,0.024832842
/home/zsun264/bmi500-venv/lib/python3.12/site-packages/pandas/core/nanops.py,253,_get_values,16,16,0.000167178,0.02372002
<frozen importlib._bootstrap>,480,_call_with_frames_removed,3,51,3.4829e-05,0.023162069
<frozen importlib._bootstrap>,911,_load_unlocked,2,23,7.4589e-05,0.022234234000000002
<frozen importlib._bootstrap_external>,993,exec_module,2,23,6.349900000000001e-05,0.022153655
/home/zsun264/bmi500-venv/lib/python3.12/site-packages/pandas/core/dtypes/missing.py,101,isna,47,47,6.8879e-05,0.021464085
/home/zsun264/bmi500-venv/lib/python3.12/site-packages/pandas/core/dtypes/missing.py,184,_isna,47,47,0.00014283900000000002,0.021395206
/home/zsun264/bmi500-venv/lib/python3.12/site-packages/pandas/core/nanops.py,209,_maybe_get_mask,16,16,4.8060000000000004e-05,0.021191650000000003
/home/zsun264/bmi500-venv/lib/python3.12/site-packages/pandas/core/dtypes/missing.py,261,_isna_array,22,22,0.020893902000000002,0.021059138
~,0,<built-in method builtins.exec>,2,23,7.413000000000001e-05,0.020855715
~,0,<built-in method builtins.__import__>,2,4,1.024e-05,0.016102349000000002
/home/zsun264/bmi500-venv/lib/python3.12/site-packages/pandas/core/nanops.py,1499,_maybe_null_out,16,16,0.000738439,0.016073718
<frozen importlib._bootstrap_external>,1066,get_code,23,23,0.00020165700000000002,0.012561034
/home/zsun264/bmi500-venv/lib/python3.12/site-packages/statsmodels/stats/__init__.py,1,<module>,1,1,4.31e-06,0.012069322
/home/zsun264/bmi500-venv/lib/python3.12/site-packages/pandas/core/frame.py,4282,__setitem__,20,20,0.000195078,0.011841436
/home/zsun264/bmi500-venv/lib/python3.12/site-packages/statsmodels/tools/__init__.py,1,<module>,1,1,8.77e-06,0.010692183000000001
/home/zsun264/bmi500-venv/lib/python3.12/site-packages/scanpy/preprocessing/_utils.py,33,_get_mean_var,8,8,0.000179437,0.010584374
/home/zsun264/bmi500-venv/lib/python3.12/site-packages/scanpy/preprocessing/_utils.py,47,sparse_mean_variance_axis,8,8,0.01018927,0.010401387
~,0,<built-in method scipy.sparse._sparsetools.csr_column_index1>,8,8,0.010393739,0.010393739
<frozen importlib._bootstrap_external>,1187,get_data,23,23,8.203e-05,0.01033586
/home/zsun264/bmi500-venv/lib/python3.12/site-packages/pandas/core/frame.py,4525,_set_item,20,20,6.2799e-05,0.009643979
~,0,<method 'argsort' of 'numpy.ndarray' objects>,23,23,0.008903232,0.008903232
/home/zsun264/bmi500-venv/lib/python3.12/site-packages/statsmodels/stats/multitest.py,1,<module>,1,1,2.1839000000000002e-05,0.008779683
<frozen importlib._bootstrap>,1240,_find_spec,24,24,0.00021223900000000003,0.008741725
/home/zsun264/bmi500-venv/lib/python3.12/site-packages/numpy/core/fromnumeric.py,53,_wrapfunc,49,49,7.255900000000001e-05,0.008375698
<frozen importlib._bootstrap_external>,1524,find_spec,24,24,2.2820000000000002e-05,0.008326471
<frozen importlib._bootstrap_external>,1495,_get_spec,24,24,5.940900000000001e-05,0.008303651
<frozen importlib._bootstrap_external>,1597,find_spec,28,28,0.000283284,0.008008865
/home/zsun264/bmi500-venv/lib/python3.12/site-packages/statsmodels/tools/tools.py,1,<module>,1,1,1.5489e-05,0.007997815
/home/zsun264/bmi500-venv/lib/python3.12/site-packages/numpy/core/fromnumeric.py,1025,argsort,16,16,3.4079000000000004e-05,0.007936525
/home/zsun264/bmi500-venv/lib/python3.12/site-packages/statsmodels/stats/_knockoff.py,1,<module>,1,1,1.022e-05,0.007105869000000001
/home/zsun264/bmi500-venv/lib/python3.12/site-packages/pandas/core/frame.py,4492,_set_item_mgr,20,20,0.000202835,0.00628987
/home/zsun264/bmi500-venv/lib/python3.12/site-packages/scanpy/tools/_rank_genes_groups.py,98,__init__,1,1,7.0658e-05,0.0060997740000000005
/home/zsun264/bmi500-venv/lib/python3.12/site-packages/pandas/core/frame.py,2557,to_records,5,5,0.000176114,0.005954618
/home/zsun264/bmi500-venv/lib/python3.12/site-packages/scipy/sparse/_compressed.py,550,_get_sliceXslice,4,4,2.1760000000000002e-05,0.00584649
/home/zsun264/bmi500-venv/lib/python3.12/site-packages/scipy/sparse/_compressed.py,706,_get_submatrix,4,4,7.7358e-05,0.00582343
/home/zsun264/bmi500-venv/lib/python3.12/site-packages/pandas/core/internals/managers.py,1366,insert,19,19,0.000270296,0.005405356
/home/zsun264/bmi500-venv/lib/python3.12/site-packages/statsmodels/stats/multitest.py,99,multipletests,4,4,0.000401735,0.005311367
<frozen importlib._bootstrap_external>,140,_path_stat,99,99,4.707e-05,0.005260115
/home/zsun264/bmi500-venv/lib/python3.12/site-packages/pandas/core/indexing.py,1033,_getitem_lowerdim,42,42,0.000255856,0.005248181
~,0,<built-in method posix.stat>,99,99,0.005213045,0.005213045
/home/zsun264/bmi500-venv/lib/python3.12/site-packages/pandas/core/frame.py,4073,__getitem__,40,40,0.000175646,0.005155527
~,0,<built-in method scipy.sparse._sparsetools.get_csr_submatrix>,4,4,0.00511548,0.00511548
/home/zsun264/bmi500-venv/lib/python3.12/site-packages/statsmodels/tools/data.py,1,<module>,1,1,1.787e-05,0.004937273000000001
~,0,<built-in method _io.open_code>,23,23,0.00439648,0.00439648
/home/zsun264/bmi500-venv/lib/python3.12/site-packages/scanpy/tools/_rank_genes_groups.py,35,_select_top_n,4,4,0.000222448,0.004385722
/home/zsun264/bmi500-venv/lib/python3.12/site-packages/pandas/core/frame.py,4168,_getitem_multilevel,6,6,4.3159000000000005e-05,0.004379762000000001
/home/zsun264/bmi500-venv/lib/python3.12/site-packages/pandas/core/indexes/multi.py,3954,insert,19,19,0.00036198800000000004,0.003765473
~,0,<method 'read' of '_io.BufferedReader' objects>,23,23,0.003544536,0.003544536
~,0,<built-in method builtins.isinstance>,6242,6261,0.002140314,0.003422187
<frozen importlib._bootstrap_external>,150,_path_is_mode_type,43,43,3.9508e-05,0.0033664690000000004
<frozen importlib._bootstrap_external>,159,_path_isfile,38,38,2.6920000000000003e-05,0.0033574800000000004
/home/zsun264/bmi500-venv/lib/python3.12/site-packages/pandas/core/indexes/base.py,475,__new__,27,27,0.000630281,0.0033423890000000003
/home/zsun264/bmi500-venv/lib/python3.12/site-packages/statsmodels/iolib/__init__.py,1,<module>,1,1,1.4940000000000001e-05,0.0032064100000000002
/home/zsun264/bmi500-venv/lib/python3.12/site-packages/pandas/core/indexing.py,1094,_getitem_nested_tuple,5,5,3.502e-05,0.0030316540000000004
~,0,<method 'any' of 'numpy.ndarray' objects>,107,107,0.000178268,0.003010936
/home/zsun264/bmi500-venv/lib/python3.12/site-packages/pandas/core/arrays/categorical.py,371,__init__,4,4,9.1549e-05,0.002916524
/home/zsun264/bmi500-venv/lib/python3.12/site-packages/numpy/core/_methods.py,55,_any,107,107,9.550800000000001e-05,0.002832668
/home/zsun264/bmi500-venv/lib/python3.12/site-packages/pandas/core/construction.py,517,sanitize_array,60,60,0.000567097,0.002826533
/home/zsun264/bmi500-venv/lib/python3.12/site-packages/numpy/core/records.py,588,fromarrays,5,5,0.000482221,0.002635498
/home/zsun264/bmi500-venv/lib/python3.12/site-packages/scanpy/_utils/__init__.py,445,sanitize_anndata,1,1,1.4570000000000001e-05,0.002492391
/home/zsun264/bmi500-venv/lib/python3.12/site-packages/anndata/_core/anndata.py,1162,strings_to_categoricals,1,1,0.000217256,0.0024778210000000003
~,0,<method '__exit__' of '_io._IOBase' objects>,23,23,0.0023058740000000003,0.0023058740000000003
~,0,<built-in method __new__ of type object at 0x153ccfd84720>,328,328,0.002278937,0.002296727
/home/zsun264/bmi500-venv/lib/python3.12/site-packages/scipy/sparse/_compressed.py,1025,eliminate_zeros,1,1,1.1369e-05,0.002272454
~,0,<built-in method scipy.sparse._sparsetools.csr_eliminate_zeros>,1,1,0.0022196760000000003,0.0022196760000000003
<frozen importlib._bootstrap_external>,1648,_fill_cache,5,5,2.638e-05,0.002219375
/home/zsun264/bmi500-venv/lib/python3.12/site-packages/pandas/core/indexes/base.py,2320,is_unique,23,23,0.000219096,0.002209476
~,0,<built-in method posix.listdir>,5,5,0.002185895,0.002185895
/home/zsun264/bmi500-venv/lib/python3.12/site-packages/pandas/core/indexes/multi.py,3001,get_loc,52,52,0.0011411420000000002,0.0021820380000000003
/home/zsun264/bmi500-venv/lib/python3.12/site-packages/pandas/core/frame.py,698,__init__,9,9,0.00021487600000000002,0.002125788
/home/zsun264/bmi500-venv/lib/python3.12/site-packages/numpy/core/records.py,418,__new__,5,5,7.2100000000000004e-06,0.0021064070000000002
/home/zsun264/bmi500-venv/lib/python3.12/site-packages/scipy/sparse/_compressed.py,30,__init__,12,12,0.00020808800000000002,0.002059097
/home/zsun264/bmi500-venv/lib/python3.12/site-packages/pandas/core/internals/managers.py,727,_slice_take_blocks_ax0,7,7,0.00023425600000000001,0.002054536
/home/zsun264/bmi500-venv/lib/python3.12/site-packages/scipy/stats/_distn_infrastructure.py,2216,sf,4,4,0.000517544,0.00197168
/home/zsun264/bmi500-venv/lib/python3.12/site-packages/pandas/core/frame.py,3994,_ixs,37,37,0.000236834,0.0019502190000000002
/home/zsun264/bmi500-venv/lib/python3.12/site-packages/pandas/core/indexes/multi.py,1194,_engine,20,20,0.0011448200000000002,0.00189375
<frozen importlib._bootstrap>,1390,_handle_fromlist,12,12,1.6970000000000002e-05,0.0017561330000000002
/home/zsun264/bmi500-venv/lib/python3.12/site-packages/pandas/core/frame.py,5264,_sanitize_column,20,20,0.000139736,0.0017055730000000002
/home/zsun264/bmi500-venv/lib/python3.12/site-packages/pandas/core/indexes/multi.py,1339,__contains__,26,26,8.240000000000001e-05,0.001698274
/home/zsun264/bmi500-venv/lib/python3.12/site-packages/pandas/core/algorithms.py,610,factorize,3,3,3.6719000000000005e-05,0.0016894540000000002
/home/zsun264/bmi500-venv/lib/python3.12/site-packages/pandas/core/indexes/multi.py,326,__new__,31,31,0.000177619,0.001576289
/home/zsun264/bmi500-venv/lib/python3.12/site-packages/numpy/lib/function_base.py,5369,insert,45,45,0.0006652050000000001,0.0014271700000000002
/home/zsun264/bmi500-venv/lib/python3.12/site-packages/pandas/core/generic.py,6306,__getattr__,88,88,0.000289295,0.0014051110000000001
<frozen importlib._bootstrap_external>,755,_compile_bytecode,23,23,4.504e-05,0.00138397
/home/zsun264/bmi500-venv/lib/python3.12/site-packages/pandas/core/indexes/base.py,5385,__getitem__,92,92,0.00125935,0.001364009
~,0,<built-in method builtins.len>,2508,3093,0.000917501,0.00133824
~,0,<built-in method marshal.loads>,23,23,0.0013206300000000002,0.0013206300000000002
/home/zsun264/bmi500-venv/lib/python3.12/site-packages/pandas/core/common.py,97,is_bool_indexer,172,172,0.000245655,0.0012301340000000001
/home/zsun264/bmi500-venv/lib/python3.12/site-packages/pandas/core/algorithms.py,1452,safe_sort,3,3,6.3348e-05,0.001221281
/home/zsun264/bmi500-venv/lib/python3.12/site-packages/pandas/core/series.py,5505,isin,1,1,1.4730000000000001e-05,0.0011042530000000001
~,0,<built-in method numpy.asarray>,383,406,0.000302226,0.0010963260000000001
/home/zsun264/bmi500-venv/lib/python3.12/site-packages/statsmodels/compat/__init__.py,1,<module>,1,1,9.509e-06,0.0010767230000000001
/home/zsun264/bmi500-venv/lib/python3.12/site-packages/statsmodels/tools/validation/__init__.py,1,<module>,1,1,7.16e-06,0.001074413
/home/zsun264/bmi500-venv/lib/python3.12/site-packages/pandas/core/dtypes/generic.py,42,_instancecheck,1049,1049,0.000480888,0.001074085
/home/zsun264/bmi500-venv/lib/python3.12/site-packages/pandas/core/indexes/base.py,5449,_can_hold_identifiers_and_holds_name,78,78,0.00017094900000000002,0.0010428170000000001
/home/zsun264/bmi500-venv/lib/python3.12/site-packages/pandas/core/indexing.py,958,_validate_tuple_indexer,41,41,0.000145548,0.001024841
/home/zsun264/bmi500-venv/lib/python3.12/site-packages/pandas/core/series.py,392,__init__,7,8,0.00012954900000000002,0.0010242040000000001
/home/zsun264/bmi500-venv/lib/python3.12/site-packages/pandas/core/indexes/multi.py,216,new_meth,1,1,6.390000000000001e-06,0.0010084640000000001
/home/zsun264/bmi500-venv/lib/python3.12/site-packages/scipy/sparse/_base.py,1525,_get_index_dtype,20,20,0.00016487700000000001,0.001004033
/home/zsun264/bmi500-venv/lib/python3.12/site-packages/pandas/core/indexes/multi.py,546,from_tuples,1,1,3.5859000000000003e-05,0.0010020740000000002
/home/zsun264/bmi500-venv/lib/python3.12/site-packages/pandas/core/indexes/base.py,7011,insert,7,7,8.887700000000001e-05,0.000974606
/home/zsun264/bmi500-venv/lib/python3.12/site-packages/pandas/core/algorithms.py,457,isin,1,2,0.000608571,0.0009697950000000001
/home/zsun264/bmi500-venv/lib/python3.12/site-packages/pandas/core/indexes/multi.py,475,from_arrays,1,1,1.302e-05,0.000959965
/home/zsun264/bmi500-venv/lib/python3.12/site-packages/pandas/core/arrays/categorical.py,2612,isin,1,1,3.006e-05,0.000939715
/home/zsun264/bmi500-venv/lib/python3.12/site-packages/pandas/core/indexing.py,1575,_validate_key,103,103,9.826000000000001e-05,0.000928723
/home/zsun264/bmi500-venv/lib/python3.12/site-packages/pandas/core/generic.py,6258,__finalize__,84,84,0.0007381050000000001,0.0009215120000000001
/home/zsun264/bmi500-venv/lib/python3.12/site-packages/statsmodels/stats/multitest.py,325,fdrcorrection,4,4,0.000209618,0.000916206
/home/zsun264/bmi500-venv/lib/python3.12/site-packages/pandas/core/indexes/base.py,675,_with_infer,10,10,0.000100499,0.000912838
/home/zsun264/bmi500-venv/lib/python3.12/site-packages/pandas/core/arrays/categorical.py,3089,factorize_from_iterables,1,1,9.57e-06,0.000875056
/home/zsun264/bmi500-venv/lib/python3.12/site-packages/pandas/core/arrays/categorical.py,3110,<genexpr>,3,3,6.18e-06,0.0008653560000000001
/home/zsun264/bmi500-venv/lib/python3.12/site-packages/pandas/core/arrays/categorical.py,3046,factorize_from_iterable,2,2,2.1469e-05,0.000859176
/home/zsun264/bmi500-venv/lib/python3.12/site-packages/pandas/core/base.py,927,value_counts,1,1,6.1e-06,0.0008475570000000001
/home/zsun264/bmi500-venv/lib/python3.12/site-packages/statsmodels/iolib/summary2.py,1,<module>,1,1,1.646e-05,0.000846107
/home/zsun264/bmi500-venv/lib/python3.12/site-packages/pandas/core/algorithms.py,862,value_counts_internal,1,1,3.5509e-05,0.0008414570000000001
/home/zsun264/bmi500-venv/lib/python3.12/site-packages/pandas/core/internals/construction.py,237,ndarray_to_mgr,8,8,0.000223047,0.000831807
<frozen importlib._bootstrap>,416,__enter__,25,25,0.000303675,0.0008287170000000001
/home/zsun264/bmi500-venv/lib/python3.12/site-packages/pandas/core/indexing.py,1398,_getitem_axis,3,3,1.963e-05,0.0008163570000000001
/home/zsun264/bmi500-venv/lib/python3.12/site-packages/pandas/core/indexing.py,2668,check_bool_indexer,23,23,6.451900000000001e-05,0.000806016
/home/zsun264/bmi500-venv/lib/python3.12/site-packages/statsmodels/compat/pandas.py,1,<module>,1,1,5.8668e-05,0.000801327
/home/zsun264/bmi500-venv/lib/python3.12/site-packages/scipy/sparse/_sputils.py,264,get_index_dtype,20,20,0.000562773,0.000781849
/home/zsun264/bmi500-venv/lib/python3.12/site-packages/pandas/core/generic.py,342,_from_mgr,77,77,0.000164689,0.000774812
/home/zsun264/bmi500-venv/lib/python3.12/site-packages/pandas/core/dtypes/dtypes.py,220,__init__,14,14,1.2270000000000001e-05,0.0007722880000000001
/home/zsun264/bmi500-venv/lib/python3.12/site-packages/pandas/core/indexes/base.py,650,_simple_new,170,170,0.000548504,0.000762704
/home/zsun264/bmi500-venv/lib/python3.12/site-packages/pandas/core/dtypes/dtypes.py,373,_finalize,14,14,1.605e-05,0.000760018
/home/zsun264/bmi500-venv/lib/python3.12/site-packages/pandas/core/dtypes/dtypes.py,550,validate_categories,7,7,4.2238000000000005e-05,0.000738558
/home/zsun264/bmi500-venv/lib/python3.12/site-packages/statsmodels/iolib/foreign.py,1,<module>,1,1,4.15e-06,0.0007250780000000001
/home/zsun264/bmi500-venv/lib/python3.12/site-packages/pandas/core/indexers/utils.py,239,maybe_convert_indices,23,23,0.000434013,0.0007149410000000001
/home/zsun264/bmi500-venv/lib/python3.12/site-packages/scipy/stats/_continuous_distns.py,436,_sf,4,4,4.649e-06,0.0007077790000000001
/home/zsun264/bmi500-venv/lib/python3.12/site-packages/scipy/stats/_continuous_distns.py,382,_norm_sf,4,4,3.6490000000000005e-05,0.00070313
/home/zsun264/bmi500-venv/lib/python3.12/site-packages/pandas/core/dtypes/cast.py,123,maybe_convert_platform,16,16,0.00033754600000000004,0.0006964320000000001
~,0,<built-in method builtins.any>,251,251,0.000274933,0.000689268
/home/zsun264/bmi500-venv/lib/python3.12/site-packages/pandas/core/generic.py,281,__init__,94,94,0.000585873,0.0006833620000000001
/home/zsun264/bmi500-venv/lib/python3.12/site-packages/pandas/core/frame.py,4596,_ensure_valid_index,20,20,3.2630000000000004e-05,0.00067212
/home/zsun264/bmi500-venv/lib/python3.12/site-packages/pandas/core/internals/construction.py,423,dict_to_mgr,1,1,4.2849e-05,0.000668319
/home/zsun264/bmi500-venv/lib/python3.12/site-packages/scipy/stats/_continuous_distns.py,370,_norm_cdf,4,4,0.00066664,0.00066664
/home/zsun264/bmi500-venv/lib/python3.12/site-packages/pandas/core/indexes/range.py,1148,take,16,16,0.000227998,0.0006623190000000001
/home/zsun264/bmi500-venv/lib/python3.12/site-packages/pandas/core/indexes/multi.py,904,_set_levels,31,31,0.00016578600000000001,0.000658211
/home/zsun264/bmi500-venv/lib/python3.12/site-packages/pandas/core/dtypes/common.py,139,is_object_dtype,131,131,0.00019740500000000003,0.000648487
/home/zsun264/bmi500-venv/lib/python3.12/site-packages/pandas/core/dtypes/cast.py,1166,maybe_infer_to_datetimelike,37,37,0.00042267000000000004,0.0006352850000000001
/home/zsun264/bmi500-venv/lib/python3.12/site-packages/pandas/core/internals/managers.py,180,blknos,79,79,0.0005412430000000001,0.000634043
~,0,<method 'copy' of 'numpy.ndarray' objects>,56,56,0.0006258440000000001,0.0006258440000000001
<frozen importlib._bootstrap>,806,module_from_spec,23,23,4.1769e-05,0.000594831
/home/zsun264/bmi500-venv/lib/python3.12/site-packages/numpy/core/numeric.py,1393,moveaxis,45,45,0.00019711900000000002,0.0005920470000000001
/home/zsun264/bmi500-venv/lib/python3.12/site-packages/pandas/core/dtypes/generic.py,37,_check,1049,1049,0.000392081,0.000588837
/home/zsun264/bmi500-venv/lib/python3.12/site-packages/pandas/core/frame.py,663,_constructor_from_mgr,37,37,9.7718e-05,0.000587326
/home/zsun264/bmi500-venv/lib/python3.12/site-packages/scipy/sparse/_compressed.py,166,check_format,12,12,0.00036630800000000003,0.0005811000000000001
/home/zsun264/bmi500-venv/lib/python3.12/site-packages/pandas/core/internals/managers.py,287,get_dtypes,16,16,7.116e-05,0.000579972
/home/zsun264/bmi500-venv/lib/python3.12/site-packages/scanpy/_utils/__init__.py,801,select_groups,1,1,6.326e-05,0.0005577220000000001
/home/zsun264/bmi500-venv/lib/python3.12/site-packages/pandas/core/indexes/base.py,774,_view,115,115,0.00014503700000000001,0.0005389170000000001
/home/zsun264/bmi500-venv/lib/python3.12/site-packages/pandas/core/indexes/base.py,3784,get_loc,129,129,0.000273484,0.000531622
~,0,<method 'take' of 'numpy.ndarray' objects>,40,40,0.0005295590000000001,0.0005295590000000001
/home/zsun264/bmi500-venv/lib/python3.12/site-packages/pandas/core/generic.py,6323,__setattr__,158,158,0.00035623500000000005,0.000520962
<frozen importlib._bootstrap>,733,_init_module_attrs,23,23,8.8838e-05,0.000519483
/home/zsun264/bmi500-venv/lib/python3.12/site-packages/pandas/core/indexes/multi.py,1086,_set_codes,31,31,0.00012055800000000001,0.000516113
/home/zsun264/bmi500-venv/lib/python3.12/site-packages/pandas/core/indexers/utils.py,419,check_array_indexer,23,23,0.00013389,0.000511695
/home/zsun264/bmi500-venv/lib/python3.12/site-packages/pandas/core/frame.py,682,_constructor_sliced_from_mgr,37,37,8.995900000000001e-05,0.000503849
/home/zsun264/bmi500-venv/lib/python3.12/site-packages/pandas/core/frame.py,4619,_box_col_values,21,21,5.6498e-05,0.0005024420000000001
<frozen importlib._bootstrap_external>,486,cache_from_source,46,46,0.000158677,0.000498171
~,0,<built-in method numpy.empty>,200,200,0.000494512,0.000494512
~,0,<built-in method builtins.max>,84,84,0.000440183,0.000491853
~,0,<built-in method builtins.__build_class__>,14,14,0.00022628800000000003,0.00048667400000000004
/home/zsun264/bmi500-venv/lib/python3.12/site-packages/scipy/sparse/_index.py,298,_validate_indices,12,12,0.00024629400000000004,0.00047833200000000004
/home/zsun264/bmi500-venv/lib/python3.12/site-packages/pandas/core/indexes/base.py,3827,get_indexer,2,2,3.2179000000000005e-05,0.00047582200000000004
/home/zsun264/bmi500-venv/lib/python3.12/site-packages/scanpy/logging.py,34,log,4,4,5.8267e-05,0.00047444200000000005
/home/zsun264/bmi500-venv/lib/python3.12/site-packages/pandas/core/indexing.py,2801,check_dict_or_set_indexers,110,110,0.000168538,0.00045675200000000005
/home/zsun264/bmi500-venv/lib/python3.12/site-packages/pandas/core/dtypes/common.py,1200,is_bool_dtype,101,101,0.000168197,0.00045609100000000005
/home/zsun264/bmi500-venv/lib/python3.12/site-packages/pandas/core/indexing.py,1366,_getitem_tuple,1,1,1.325e-05,0.00045542300000000005
~,0,<built-in method builtins.getattr>,1647,1647,0.000412474,0.000447874
/home/zsun264/bmi500-venv/lib/python3.12/site-packages/numpy/core/fromnumeric.py,2322,any,21,21,0.000106167,0.00043935400000000004
/home/zsun264/bmi500-venv/lib/python3.12/site-packages/pandas/core/dtypes/common.py,538,is_string_dtype,85,85,8.084e-05,0.00043374200000000004
/home/zsun264/bmi500-venv/lib/python3.12/site-packages/scanpy/logging.py,272,info,2,2,1.584e-05,0.00042559300000000004
/home/zsun264/bmi500-venv/lib/python3.12/site-packages/numpy/core/numeric.py,274,full,63,63,0.000278285,0.000413772
/home/zsun264/bmi500-venv/lib/python3.12/site-packages/pandas/core/arrays/categorical.py,1809,value_counts,1,1,4.092e-05,0.00041024400000000004
/home/zsun264/bmi500-venv/lib/python3.12/site-packages/pandas/core/dtypes/common.py,1444,_is_dtype_type,144,144,0.000187187,0.00040849100000000003
/home/zsun264/bmi500-venv/lib/python3.12/site-packages/pandas/core/indexes/multi.py,925,<genexpr>,93,93,8.129900000000001e-05,0.000406025
/home/zsun264/bmi500-venv/lib/python3.12/site-packages/pandas/core/internals/base.py,115,reindex_axis,1,1,7.23e-06,0.000404444
/home/zsun264/bmi500-venv/lib/python3.12/site-packages/scanpy/logging.py,64,info,2,2,5.73e-06,0.000403804
/home/zsun264/bmi500-venv/lib/python3.12/site-packages/numpy/core/fromnumeric.py,71,_wrapreduction,27,27,0.000150549,0.00040176700000000003
/home/zsun264/bmi500-venv/lib/python3.12/site-packages/pandas/core/indexes/multi.py,2202,__getitem__,7,7,7.998800000000001e-05,0.000398812
/home/zsun264/bmi500-venv/lib/python3.12/site-packages/pandas/core/internals/managers.py,1431,_insert_update_blklocs_and_blknos,19,19,8.547700000000001e-05,0.00039795300000000004
/home/zsun264/bmi500-venv/lib/python3.12/site-packages/pandas/core/algorithms.py,548,factorize_array,3,3,0.000277176,0.000387845
<frozen importlib._bootstrap_external>,126,_path_join,168,168,0.00022785,0.00038619
<frozen importlib._bootstrap>,304,acquire,25,25,0.000130249,0.000382276
/home/zsun264/bmi500-venv/lib/python3.12/site-packages/pandas/core/indexes/multi.py,137,_codes_to_ints,48,48,0.000202789,0.000375709
/home/zsun264/bmi500-venv/lib/python3.12/site-packages/pandas/core/indexes/multi.py,845,levels,26,26,0.00010409,0.000375032
~,0,<built-in method numpy.zeros>,22,22,0.000373326,0.000373326
<frozen importlib._bootstrap>,632,cached,46,46,2.04e-05,0.000367605
/home/zsun264/bmi500-venv/lib/python3.12/site-packages/pandas/core/array_algos/take.py,564,_take_preprocess_indexer_and_fill_value,53,53,7.234900000000001e-05,0.00036641500000000003
/home/zsun264/bmi500-venv/lib/python3.12/site-packages/pandas/core/indexes/multi.py,1103,<genexpr>,93,93,7.371000000000001e-05,0.000353526
/home/zsun264/bmi500-venv/lib/python3.12/site-packages/pandas/core/dtypes/common.py,1385,_is_dtype,92,92,7.5759e-05,0.000351753
<frozen importlib._bootstrap_external>,615,_get_cached,23,23,3.672e-05,0.000347205
/opt/modules/Python/3.12.13/lib/python3.12/logging/__init__.py,1594,log,4,4,1.87e-05,0.00034630500000000004
/home/zsun264/bmi500-venv/lib/python3.12/site-packages/pandas/core/internals/blocks.py,276,make_block,16,16,0.00011134900000000001,0.000342172
~,0,<method 'nonzero' of 'numpy.ndarray' objects>,56,56,0.000325046,0.000325046
/home/zsun264/bmi500-venv/lib/python3.12/site-packages/pandas/core/generic.py,589,_get_axis,171,171,0.000265538,0.00031978700000000003
~,0,<built-in method numpy.array>,156,156,0.00026583600000000003,0.000314655
/home/zsun264/bmi500-venv/lib/python3.12/site-packages/pandas/core/internals/blocks.py,2776,new_block_2d,28,28,0.000146789,0.00031213700000000004
/home/zsun264/bmi500-venv/lib/python3.12/site-packages/pandas/core/indexes/multi.py,3327,_get_level_indexer,10,10,0.000105029,0.000312136
/opt/modules/Python/3.12.13/lib/python3.12/logging/__init__.py,1660,_log,2,2,1.0840000000000001e-05,0.000305225
/home/zsun264/bmi500-venv/lib/python3.12/site-packages/numpy/lib/function_base.py,5563,append,38,38,0.000174209,0.000296067
/home/zsun264/bmi500-venv/lib/python3.12/site-packages/pandas/core/indexes/base.py,843,_engine,11,11,8.966e-05,0.000290108
/home/zsun264/bmi500-venv/lib/python3.12/site-packages/pandas/core/dtypes/cast.py,550,maybe_promote,33,33,0.000278676,0.000289266
/home/zsun264/bmi500-venv/lib/python3.12/site-packages/numpy/core/numeric.py,1330,normalize_axis_tuple,90,90,0.0002197,0.00028890000000000003
/home/zsun264/bmi500-venv/lib/python3.12/site-packages/pandas/core/internals/base.py,82,shape,41,41,0.00012765,0.00028584700000000004
/home/zsun264/bmi500-venv/lib/python3.12/site-packages/numpy/lib/function_base.py,1917,place,12,12,8.360000000000001e-06,0.000284344
/home/zsun264/bmi500-venv/lib/python3.12/site-packages/pandas/core/indexes/multi.py,2254,take,5,5,3.5829000000000005e-05,0.00028004500000000003
/home/zsun264/bmi500-venv/lib/python3.12/site-packages/pandas/core/indexes/base.py,783,_rename,53,53,3.4840000000000005e-05,0.000278842
/home/zsun264/bmi500-venv/lib/python3.12/site-packages/pandas/core/indexing.py,975,_is_nested_tuple_indexer,42,42,9.375e-05,0.000278648
/home/zsun264/bmi500-venv/lib/python3.12/site-packages/pandas/core/ops/common.py,62,new_method,5,5,1.163e-05,0.000278635
~,0,<built-in method numpy.core._multiarray_umath._place>,12,12,0.000275984,0.000275984
/home/zsun264/bmi500-venv/lib/python3.12/site-packages/pandas/core/internals/blocks.py,2789,new_block,38,38,0.000179788,0.00027493600000000004
/home/zsun264/bmi500-venv/lib/python3.12/site-packages/pandas/core/common.py,372,apply_if_callable,163,163,6.226e-05,0.000267577
/home/zsun264/bmi500-venv/lib/python3.12/site-packages/pandas/core/internals/managers.py,977,fast_xs,16,16,0.000150179,0.000265768
/home/zsun264/bmi500-venv/lib/python3.12/site-packages/pandas/core/indexes/multi.py,4106,maybe_droplevels,5,5,1.2570000000000002e-05,0.000264116
/opt/modules/Python/3.12.13/lib/python3.12/warnings.py,133,filterwarnings,20,20,8.0277e-05,0.00026317500000000004
/home/zsun264/bmi500-venv/lib/python3.12/site-packages/pandas/core/indexes/base.py,4330,reindex,1,1,1.058e-05,0.000261206
/home/zsun264/bmi500-venv/lib/python3.12/site-packages/pandas/core/series.py,3706,sort_values,1,1,2.934e-05,0.000260106
/home/zsun264/bmi500-venv/lib/python3.12/site-packages/pandas/_config/config.py,145,_get_option,15,15,5.5129e-05,0.000258636
~,0,<method 'max' of 'numpy.ndarray' objects>,37,37,4.5430000000000004e-05,0.000253429
/home/zsun264/bmi500-venv/lib/python3.12/site-packages/pandas/core/indexes/multi.py,4139,_coerce_indexer_frozen,62,62,0.00011829800000000001,0.000250307
/home/zsun264/bmi500-venv/lib/python3.12/site-packages/pandas/core/indexes/base.py,2166,_drop_level_numbers,5,5,6.6578e-05,0.000250216
/home/zsun264/bmi500-venv/lib/python3.12/site-packages/pandas/core/internals/blocks.py,294,make_block_same_class,39,39,0.000247856,0.000247856
/home/zsun264/bmi500-venv/lib/python3.12/site-packages/numpy/core/fromnumeric.py,779,argpartition,4,4,7.71e-06,0.000247636
/home/zsun264/bmi500-venv/lib/python3.12/site-packages/pandas/core/indexing.py,1653,_is_scalar_access,41,41,0.00015356700000000002,0.000246616
/home/zsun264/bmi500-venv/lib/python3.12/site-packages/pandas/core/indexes/base.py,6174,get_indexer_for,1,1,8.210000000000001e-06,0.00024282600000000002
/home/zsun264/bmi500-venv/lib/python3.12/site-packages/pandas/core/series.py,981,__array__,39,39,9.388900000000001e-05,0.000238668
/home/zsun264/bmi500-venv/lib/python3.12/site-packages/pandas/core/indexes/base.py,5564,equals,19,19,5.6179000000000005e-05,0.000234013
/home/zsun264/bmi500-venv/lib/python3.12/site-packages/pandas/core/internals/managers.py,1421,_insert_update_mgr_locs,19,19,0.000109068,0.000232288
/home/zsun264/bmi500-venv/lib/python3.12/site-packages/pandas/core/indexing.py,1668,_validate_integer,56,56,6.4069e-05,0.000231837
/home/zsun264/bmi500-venv/lib/python3.12/site-packages/pandas/core/indexes/base.py,7754,maybe_extract_name,37,37,5.7299e-05,0.00023095800000000002
<frozen importlib._bootstrap_external>,1473,_path_importer_cache,29,29,2.3520000000000002e-05,0.00022944700000000003
/opt/modules/Python/3.12.13/lib/python3.12/typing.py,2814,__new__,1,1,4.1200000000000005e-05,0.000228537
~,0,<method 'argpartition' of 'numpy.ndarray' objects>,4,4,0.00022805600000000003,0.00022805600000000003
/home/zsun264/bmi500-venv/lib/python3.12/site-packages/pandas/core/internals/managers.py,1031,iget,21,21,0.00013980900000000002,0.000227549
/home/zsun264/bmi500-venv/lib/python3.12/site-packages/scipy/sparse/_compressed.py,1118,prune,13,13,0.00010507700000000001,0.00022677300000000002
/home/zsun264/bmi500-venv/lib/python3.12/site-packages/statsmodels/iolib/tableformatting.py,1,<module>,1,1,1.7579000000000002e-05,0.000224536
/home/zsun264/bmi500-venv/lib/python3.12/site-packages/pandas/core/internals/managers.py,967,from_blocks,38,38,0.000206268,0.000219998
<frozen importlib._bootstrap_external>,1206,path_stats,23,23,1.842e-05,0.000218358
/home/zsun264/bmi500-venv/lib/python3.12/site-packages/pandas/core/indexes/multi.py,831,__len__,67,67,6.297900000000001e-05,0.000212515
/home/zsun264/bmi500-venv/lib/python3.12/site-packages/pandas/core/dtypes/common.py,1606,pandas_dtype,34,34,5.6618000000000006e-05,0.000212475
<frozen abc>,117,__instancecheck__,81,81,3.558e-05,0.000212148
/home/zsun264/bmi500-venv/lib/python3.12/site-packages/numpy/core/_methods.py,39,_amax,37,37,2.163e-05,0.00020799900000000003
<frozen importlib._bootstrap_external>,1460,_path_hooks,5,5,2.2568e-05,0.000205927
/opt/modules/Python/3.12.13/lib/python3.12/copy.py,118,deepcopy,2,76,0.00010591800000000001,0.00020543700000000002
/home/zsun264/bmi500-venv/lib/python3.12/site-packages/statsmodels/tools/_test_runner.py,9,__init__,4,4,3.3879000000000005e-05,0.000203928
~,0,<built-in method builtins.hasattr>,612,612,0.000196347,0.000203897
/home/zsun264/bmi500-venv/lib/python3.12/site-packages/pandas/core/dtypes/common.py,574,condition,85,85,0.00013846800000000002,0.000200606
/opt/modules/Python/3.12.13/lib/python3.12/functools.py,821,dispatch,1,1,8.82e-06,0.000199957
/home/zsun264/bmi500-venv/lib/python3.12/site-packages/pandas/core/dtypes/inference.py,273,is_dict_like,40,40,9.2108e-05,0.000199478
~,0,<built-in method builtins.all>,113,113,9.409900000000001e-05,0.000198848
/opt/modules/Python/3.12.13/lib/python3.12/copy.py,217,_deepcopy_dict,2,2,2.436e-05,0.00019465700000000002
/opt/modules/Python/3.12.13/lib/python3.12/functools.py,777,_find_impl,1,1,7.91e-06,0.000188547
/home/zsun264/bmi500-venv/lib/python3.12/site-packages/pandas/core/indexes/range.py,421,_get_indexer,1,1,0.000159888,0.00018800700000000002
/home/zsun264/bmi500-venv/lib/python3.12/site-packages/pandas/core/indexes/base.py,2824,hasnans,3,3,1.144e-05,0.00018490700000000002
/opt/modules/Python/3.12.13/lib/python3.12/typing.py,2795,_make_nmtuple,1,1,1.2630000000000001e-05,0.000184257
~,0,<method 'accumulate' of 'numpy.ufunc' objects>,4,4,0.00018019700000000002,0.00018019700000000002
/opt/modules/Python/3.12.13/lib/python3.12/functools.py,735,_compose_mro,1,1,1.112e-05,0.000179557
/home/zsun264/bmi500-venv/lib/python3.12/site-packages/numpy/core/arrayprint.py,1595,_array_str_implementation,1,1,6.840000000000001e-06,0.00017924800000000002
/home/zsun264/bmi500-venv/lib/python3.12/site-packages/scipy/sparse/_base.py,1512,_process_toarray_args,4,4,1.0278e-05,0.000178147
/home/zsun264/bmi500-venv/lib/python3.12/site-packages/pandas/core/algorithms.py,106,_ensure_data,7,7,4.432e-05,0.000176706
~,0,<built-in method _abc._abc_instancecheck>,81,81,9.976000000000001e-05,0.00017656800000000002
/home/zsun264/bmi500-venv/lib/python3.12/site-packages/pandas/core/indexes/base.py,5335,__contains__,80,80,0.000138109,0.00017554900000000002
/home/zsun264/bmi500-venv/lib/python3.12/site-packages/pandas/core/indexes/multi.py,1593,_set_names,30,30,0.000114377,0.00017551600000000002
/home/zsun264/bmi500-venv/lib/python3.12/site-packages/pandas/core/indexes/base.py,7659,ensure_index,97,97,4.3790000000000006e-05,0.000175028
/home/zsun264/bmi500-venv/lib/python3.12/site-packages/pandas/core/indexes/base.py,1153,take,7,7,5.7679e-05,0.000174057
/home/zsun264/bmi500-venv/lib/python3.12/site-packages/numpy/core/arrayprint.py,561,array2string,1,1,1.3130000000000001e-05,0.000172408
/home/zsun264/bmi500-venv/lib/python3.12/site-packages/scipy/stats/_distn_infrastructure.py,612,argsreduce,4,4,4.4268000000000004e-05,0.000172327
<frozen importlib._bootstrap_external>,132,_path_split,46,46,6.9528e-05,0.000171508
<frozen importlib._bootstrap>,162,__enter__,25,25,3.639e-05,0.00017143800000000002
/home/zsun264/bmi500-venv/lib/python3.12/site-packages/numba/np/ufunc/parallel.py,629,get_num_threads,8,8,7.359e-05,0.000169938
/home/zsun264/bmi500-venv/lib/python3.12/site-packages/scanpy/tools/_rank_genes_groups.py,122,<lambda>,1,1,1.7700000000000002e-06,0.00016900700000000002
/home/zsun264/bmi500-venv/lib/python3.12/site-packages/pandas/core/common.py,231,asarray_tuplesafe,11,11,7.304700000000001e-05,0.00016445700000000001
/opt/modules/Python/3.12.13/lib/python3.12/collections/__init__.py,355,namedtuple,1,1,6.535800000000001e-05,0.00016429700000000002
/opt/modules/Python/3.12.13/lib/python3.12/functools.py,690,_c3_mro,1,14,6.7638e-05,0.000164167
/home/zsun264/bmi500-venv/lib/python3.12/site-packages/pandas/core/dtypes/cast.py,1591,construct_1d_object_array_from_listlike,16,16,8.116900000000001e-05,0.00016403900000000002
<frozen importlib._bootstrap_external>,1592,_get_spec,23,23,4.4729000000000005e-05,0.000163448
/home/zsun264/bmi500-venv/lib/python3.12/site-packages/pandas/core/arraylike.py,46,__lt__,1,1,3.61e-06,0.000162647
~,0,<built-in method builtins.sum>,19,19,5.4718e-05,0.000160308
/home/zsun264/bmi500-venv/lib/python3.12/site-packages/scipy/sparse/_sputils.py,444,check_shape,12,12,9.422900000000001e-05,0.000159047
/home/zsun264/bmi500-venv/lib/python3.12/site-packages/pandas/core/series.py,6129,_cmp_method,1,1,1.0500000000000001e-05,0.000159037
/home/zsun264/bmi500-venv/lib/python3.12/site-packages/pandas/core/internals/base.py,84,<genexpr>,119,119,3.541e-05,0.000158197
/home/zsun264/bmi500-venv/lib/python3.12/site-packages/pandas/core/indexes/frozen.py,76,__getitem__,89,89,0.000115737,0.000156056
/home/zsun264/bmi500-venv/lib/python3.12/site-packages/scipy/stats/_distn_infrastructure.py,1044,_open_support_mask,4,4,8.4089e-05,0.00015491700000000002
/home/zsun264/bmi500-venv/lib/python3.12/site-packages/pandas/core/dtypes/common.py,1409,_get_dtype,193,193,7.8658e-05,0.000154776
/home/zsun264/bmi500-venv/lib/python3.12/site-packages/pandas/core/indexes/base.py,912,__len__,261,261,0.00010008800000000001,0.00015475700000000002
/home/zsun264/bmi500-venv/lib/python3.12/site-packages/numpy/core/getlimits.py,685,__init__,40,40,0.00015473600000000002,0.00015473600000000002
/home/zsun264/bmi500-venv/lib/python3.12/site-packages/numpy/core/fromnumeric.py,2512,cumsum,20,20,2.6819000000000002e-05,0.00015401800000000002
/home/zsun264/bmi500-venv/lib/python3.12/site-packages/pandas/core/internals/blocks.py,2747,get_block_type,67,67,0.000105407,0.000152967
/home/zsun264/bmi500-venv/lib/python3.12/site-packages/pandas/core/dtypes/cast.py,974,coerce_indexer_dtype,67,67,8.733900000000001e-05,0.000151339
/home/zsun264/bmi500-venv/lib/python3.12/site-packages/pandas/core/generic.py,514,_validate_dtype,4,4,6.35e-06,0.000150698
~,0,<method 'astype' of 'numpy.ndarray' objects>,75,75,0.000150149,0.000150149
/home/zsun264/bmi500-venv/lib/python3.12/site-packages/pandas/core/nanops.py,79,<genexpr>,80,80,6.7038e-05,0.000149948
/home/zsun264/bmi500-venv/lib/python3.12/site-packages/pandas/core/generic.py,810,_set_axis,14,14,3.7460000000000004e-05,0.00014558800000000002
/home/zsun264/bmi500-venv/lib/python3.12/site-packages/pandas/core/indexes/range.py,999,__len__,220,220,8.552600000000001e-05,0.000144534
/opt/modules/Python/3.12.13/lib/python3.12/logging/__init__.py,1686,handle,2,2,7.660000000000001e-06,0.00014406800000000002
/home/zsun264/bmi500-venv/lib/python3.12/site-packages/numpy/core/arrayprint.py,506,wrapper,1,1,1.0330000000000001e-05,0.00014400800000000002
<frozen importlib._bootstrap>,426,_get_module_lock,25,25,9.214600000000001e-05,0.000142766
/home/zsun264/bmi500-venv/lib/python3.12/site-packages/pandas/core/series.py,610,_init_dict,1,1,5.320000000000001e-06,0.00014154800000000002
/opt/modules/Python/3.12.13/lib/python3.12/pathlib.py,731,parent,4,4,1.147e-05,0.000137
/opt/modules/Python/3.12.13/lib/python3.12/logging/__init__.py,1746,callHandlers,2,2,7.82e-06,0.00013437800000000002
~,0,<built-in method builtins.issubclass>,439,439,0.00012498,0.000133769
/home/zsun264/bmi500-venv/lib/python3.12/site-packages/pandas/core/indexes/base.py,2811,_isnan,3,3,3.65e-06,0.00013240700000000002
/home/zsun264/bmi500-venv/lib/python3.12/site-packages/numpy/core/arrayprint.py,523,_array2string,1,1,1.166e-05,0.00013071800000000002
/home/zsun264/bmi500-venv/lib/python3.12/site-packages/pandas/core/base.py,840,__iter__,11,11,3.3950000000000005e-05,0.000130149
/home/zsun264/bmi500-venv/lib/python3.12/site-packages/pandas/core/internals/blocks.py,2718,maybe_coerce_values,34,34,6.972900000000001e-05,0.000128509
/home/zsun264/bmi500-venv/lib/python3.12/site-packages/pandas/core/algorithms.py,1131,take,8,8,1.9070000000000002e-05,0.000127889
/opt/modules/Python/3.12.13/lib/python3.12/logging/__init__.py,1011,handle,2,2,7.64e-06,0.000126558
<frozen importlib._bootstrap>,124,setdefault,25,25,5.9170000000000004e-05,0.000126038
/home/zsun264/bmi500-venv/lib/python3.12/site-packages/pandas/core/indexes/base.py,6725,_maybe_cast_listlike_indexer,2,2,2.77e-06,0.00012574800000000002
/home/zsun264/bmi500-venv/lib/python3.12/site-packages/pandas/core/series.py,5792,isna,1,1,1.76e-06,0.000123948
/home/zsun264/bmi500-venv/lib/python3.12/site-packages/pandas/core/indexes/base.py,832,_reset_identity,212,212,0.00012356000000000002,0.00012356000000000002
/home/zsun264/bmi500-venv/lib/python3.12/site-packages/pandas/core/generic.py,8720,isna,1,1,2.46e-06,0.00012218800000000002
/home/zsun264/bmi500-venv/lib/python3.12/site-packages/pandas/_config/config.py,127,_get_single_key,15,15,3.966e-05,0.00012147900000000001
/home/zsun264/bmi500-venv/lib/python3.12/site-packages/statsmodels/stats/multitest.py,42,_ecdf,4,4,8.7148e-05,0.000120778
/home/zsun264/bmi500-venv/lib/python3.12/site-packages/pandas/core/arrays/categorical.py,195,contains,6,6,6.4507e-05,0.00012031700000000001
/opt/modules/Python/3.12.13/lib/python3.12/logging/__init__.py,1645,makeRecord,2,2,1.5340000000000002e-05,0.00011947800000000001
<frozen importlib._bootstrap>,420,__exit__,25,25,1.707e-05,0.00011839700000000001
/home/zsun264/bmi500-venv/lib/python3.12/site-packages/pandas/core/internals/managers.py,2330,_fast_count_smallints,19,19,8.656000000000001e-05,0.00011686
/home/zsun264/bmi500-venv/lib/python3.12/site-packages/pandas/core/indexing.py,1182,<genexpr>,126,126,7.296e-05,0.00011562000000000001
/home/zsun264/bmi500-venv/lib/python3.12/site-packages/scipy/_lib/_sparse.py,10,issparse,15,15,1.3330000000000001e-05,0.00011518
/home/zsun264/bmi500-venv/lib/python3.12/site-packages/pandas/core/base.py,123,_reset_cache,92,92,6.986e-05,0.00011477900000000001
<frozen importlib._bootstrap_external>,806,spec_from_file_location,23,23,6.913000000000001e-05,0.000114259
/home/zsun264/bmi500-venv/lib/python3.12/site-packages/pandas/core/generic.py,4401,_set_is_copy,42,42,5.5549000000000006e-05,0.000113629
/home/zsun264/bmi500-venv/lib/python3.12/site-packages/pandas/core/dtypes/missing.py,305,_isna_string_dtype,5,5,0.000112096,0.000112096
/home/zsun264/bmi500-venv/lib/python3.12/site-packages/pandas/_config/__init__.py,34,using_copy_on_write,239,239,0.00011082000000000001,0.00011082000000000001
<frozen importlib._bootstrap_external>,1689,path_hook_for_FileFinder,5,5,1.446e-05,0.000110419
/opt/modules/Python/3.12.13/lib/python3.12/logging/__init__.py,1148,emit,2,2,1.0500000000000001e-05,0.000109758
/home/zsun264/bmi500-venv/lib/python3.12/site-packages/pandas/core/construction.py,693,_sanitize_ndim,58,58,6.704000000000001e-05,0.00010973000000000001
/home/zsun264/bmi500-venv/lib/python3.12/site-packages/scipy/sparse/_data.py,21,__init__,12,12,4.1629000000000004e-05,0.00010966800000000001
/home/zsun264/bmi500-venv/lib/python3.12/site-packages/pandas/core/nanops.py,324,_get_dtype_max,16,16,0.000109468,0.000109468
/home/zsun264/bmi500-venv/lib/python3.12/site-packages/pandas/core/series.py,834,_values,51,51,3.307e-05,0.00010814900000000001
/home/zsun264/bmi500-venv/lib/python3.12/site-packages/pandas/core/generic.py,670,_info_axis,117,117,5.8808000000000003e-05,0.00010719800000000001
/opt/modules/Python/3.12.13/lib/python3.12/warnings.py,184,_add_filter,23,23,5.1420000000000006e-05,0.000106119
/home/zsun264/bmi500-venv/lib/python3.12/site-packages/pandas/core/indexing.py,2619,__setitem__,1,1,1.1040000000000001e-05,0.000105698
/home/zsun264/bmi500-venv/lib/python3.12/site-packages/pandas/core/internals/managers.py,1411,<genexpr>,228,228,8.843e-05,0.00010559000000000001
/home/zsun264/bmi500-venv/lib/python3.12/site-packages/pandas/core/dtypes/common.py,531,is_string_or_object_np_dtype,107,107,0.000102038,0.000105338
/opt/modules/Python/3.12.13/lib/python3.12/logging/__init__.py,298,__init__,2,2,4.5538000000000003e-05,0.00010413800000000001
/home/zsun264/bmi500-venv/lib/python3.12/site-packages/pandas/core/dtypes/inference.py,334,is_hashable,147,147,6.6788e-05,0.00010296800000000001
/home/zsun264/bmi500-venv/lib/python3.12/site-packages/pandas/core/internals/managers.py,2114,create_block_manager_from_blocks,8,8,5.7408e-05,0.000102218
/home/zsun264/bmi500-venv/lib/python3.12/site-packages/numpy/core/fromnumeric.py,1768,ravel,38,38,4.2719e-05,0.000101568
/home/zsun264/bmi500-venv/lib/python3.12/site-packages/pandas/core/array_algos/take.py,325,_get_take_nd_function,53,53,6.561800000000001e-05,0.00010136800000000001
<frozen importlib._bootstrap>,372,release,25,25,6.579800000000001e-05,0.000101327
~,0,<method 'append' of 'list' objects>,323,323,0.000100999,0.000100999
~,0,<method 'get' of 'dict' objects>,317,317,0.00010055900000000001,0.00010055900000000001
/home/zsun264/bmi500-venv/lib/python3.12/site-packages/pandas/core/dtypes/base.py,549,find,3,3,4.5929e-05,9.994800000000001e-05
/home/zsun264/bmi500-venv/lib/python3.12/site-packages/scanpy/logging.py,286,debug,2,2,1.518e-05,9.903800000000001e-05
/home/zsun264/bmi500-venv/lib/python3.12/site-packages/pandas/core/indexes/category.py,362,__contains__,2,2,6.4900000000000005e-06,9.867900000000001e-05
/home/zsun264/bmi500-venv/lib/python3.12/site-packages/pandas/core/series.py,6222,_construct_result,1,1,6.7e-06,9.767800000000001e-05
/home/zsun264/bmi500-venv/lib/python3.12/site-packages/pandas/core/flags.py,51,__init__,94,94,9.7489e-05,9.7489e-05
/home/zsun264/bmi500-venv/lib/python3.12/site-packages/pandas/core/internals/construction.py,742,_get_axes,8,8,2.019e-05,9.696800000000001e-05
/home/zsun264/bmi500-venv/lib/python3.12/site-packages/pandas/core/frame.py,12617,values,4,4,1.1020000000000001e-05,9.677000000000001e-05
/home/zsun264/bmi500-venv/lib/python3.12/site-packages/numba/np/ufunc/parallel.py,381,_launch_threads,8,8,5.1939000000000005e-05,9.6348e-05
/home/zsun264/bmi500-venv/lib/python3.12/site-packages/pandas/core/arrays/categorical.py,2190,__contains__,4,4,1.446e-05,9.633700000000001e-05
/home/zsun264/bmi500-venv/lib/python3.12/site-packages/pandas/core/algorithms.py,262,_get_hashtable_algo,3,3,8.180000000000001e-06,9.542e-05
/home/zsun264/bmi500-venv/lib/python3.12/site-packages/pandas/core/internals/managers.py,317,apply,3,3,3.2309000000000005e-05,9.5079e-05
/home/zsun264/bmi500-venv/lib/python3.12/site-packages/pandas/core/indexing.py,936,_expand_ellipsis,42,42,3.6528e-05,9.4517e-05
/home/zsun264/bmi500-venv/lib/python3.12/site-packages/pandas/core/indexes/multi.py,2486,swaplevel,1,1,1.06e-05,9.4349e-05
<frozen importlib._bootstrap_external>,670,_classify_pyc,23,23,4.7319000000000006e-05,9.4188e-05
/home/zsun264/bmi500-venv/lib/python3.12/site-packages/pandas/core/arrays/categorical.py,126,func,4,4,2.2270000000000002e-05,9.3498e-05
~,0,<method 'rstrip' of 'str' objects>,383,383,9.347000000000001e-05,9.347000000000001e-05
/home/zsun264/bmi500-venv/lib/python3.12/site-packages/numpy/core/numeric.py,136,ones,4,4,7.952000000000001e-05,9.346e-05
~,0,<method 'cumsum' of 'numpy.ndarray' objects>,20,20,9.3459e-05,9.3459e-05
/home/zsun264/bmi500-venv/lib/python3.12/site-packages/pandas/core/internals/managers.py,236,set_axis,14,14,2.894e-05,9.3428e-05
/home/zsun264/bmi500-venv/lib/python3.12/site-packages/pandas/core/internals/construction.py,96,arrays_to_mgr,1,1,6.570000000000001e-06,9.277800000000001e-05
/home/zsun264/bmi500-venv/lib/python3.12/site-packages/pandas/core/internals/managers.py,1882,from_array,6,6,3.1309e-05,9.207900000000001e-05
/home/zsun264/bmi500-venv/lib/python3.12/site-packages/pandas/core/indexing.py,2774,is_label_like,74,74,4.5090000000000004e-05,9.2049e-05
~,0,<method 'rpartition' of 'str' objects>,170,170,9.135600000000001e-05,9.135600000000001e-05
~,0,<method 'join' of 'str' objects>,220,220,9.0129e-05,9.097900000000001e-05
/home/zsun264/bmi500-venv/lib/python3.12/site-packages/pandas/core/generic.py,6684,copy,1,1,9.91e-06,9.073800000000001e-05
~,0,<method 'min' of 'numpy.ndarray' objects>,17,17,1.9658e-05,9.0457e-05
/home/zsun264/bmi500-venv/lib/python3.12/site-packages/statsmodels/iolib/table.py,1,<module>,1,1,2.7360000000000002e-05,8.9869e-05
<frozen importlib._bootstrap>,645,parent,59,59,5.5238e-05,8.931500000000001e-05
/opt/modules/Python/3.12.13/lib/python3.12/functools.py,663,_c3_merge,14,14,7.7749e-05,8.9039e-05
/home/zsun264/bmi500-venv/lib/python3.12/site-packages/pandas/core/indexing.py,2530,__setitem__,1,1,1.1949e-05,8.9008e-05
/home/zsun264/bmi500-venv/lib/python3.12/site-packages/pandas/core/generic.py,566,_construct_axes_dict,4,4,3.7840000000000004e-05,8.731900000000001e-05
~,0,<built-in method builtins.eval>,1,1,8.665900000000001e-05,8.723900000000001e-05
/home/zsun264/bmi500-venv/lib/python3.12/site-packages/pandas/core/internals/managers.py,576,copy,2,2,1.4740000000000001e-05,8.676800000000001e-05
/opt/modules/Python/3.12.13/lib/python3.12/pathlib.py,551,drive,4,4,1.517e-05,8.657e-05
~,0,<built-in method builtins.iter>,1,2,2.1800000000000003e-06,8.6519e-05
/home/zsun264/bmi500-venv/lib/python3.12/site-packages/pandas/core/internals/managers.py,1652,as_array,4,4,5.804000000000001e-05,8.575000000000001e-05
<frozen abc>,121,__subclasscheck__,3,15,6.62e-06,8.5597e-05
/home/zsun264/bmi500-venv/lib/python3.12/site-packages/numpy/core/fromnumeric.py,95,take,4,4,6.0600000000000004e-06,8.4617e-05
/home/zsun264/bmi500-venv/lib/python3.12/site-packages/pandas/core/arrays/categorical.py,2181,__iter__,1,1,5.240000000000001e-06,8.4559e-05
<frozen importlib._bootstrap_external>,84,_unpack_uint32,69,69,5.3368e-05,8.3767e-05
/home/zsun264/bmi500-venv/lib/python3.12/site-packages/pandas/core/dtypes/common.py,125,<lambda>,135,135,4.5088000000000006e-05,8.3508e-05
/home/zsun264/bmi500-venv/lib/python3.12/site-packages/pandas/core/nanops.py,72,check,64,64,4.901e-05,8.291e-05
/home/zsun264/bmi500-venv/lib/python3.12/site-packages/pandas/core/frame.py,1652,__len__,36,36,3.2040000000000005e-05,8.287600000000001e-05
~,0,<built-in method _abc._abc_subclasscheck>,3,15,7.7217e-05,8.241700000000001e-05
/home/zsun264/bmi500-venv/lib/python3.12/site-packages/pandas/core/internals/blocks.py,216,is_extension,40,40,8.214700000000001e-05,8.214700000000001e-05
/home/zsun264/bmi500-venv/lib/python3.12/site-packages/pandas/_config/config.py,635,_get_root,15,15,6.3428e-05,8.202800000000001e-05
~,0,<built-in method numpy.arange>,12,12,8.1959e-05,8.1959e-05
/home/zsun264/bmi500-venv/lib/python3.12/site-packages/pandas/core/indexes/category.py,203,__new__,1,1,6.030000000000001e-06,8.1629e-05
<frozen importlib._bootstrap_external>,703,_validate_timestamp_pyc,23,23,3.5319000000000005e-05,8.110700000000001e-05
/home/zsun264/bmi500-venv/lib/python3.12/site-packages/numpy/core/_dtype.py,346,_name_get,16,16,4.7219e-05,8.0178e-05
/home/zsun264/bmi500-venv/lib/python3.12/site-packages/pandas/core/arrays/_mixins.py,157,take,2,2,1.0799000000000001e-05,8.0158e-05
/home/zsun264/bmi500-venv/lib/python3.12/site-packages/scanpy/logging.py,70,debug,2,2,3.4e-06,7.9768e-05
/home/zsun264/bmi500-venv/lib/python3.12/site-packages/pandas/core/indexes/api.py,386,default_index,10,10,3.1440000000000004e-05,7.969800000000001e-05
/home/zsun264/bmi500-venv/lib/python3.12/site-packages/pandas/core/flags.py,87,allows_duplicate_labels,84,84,7.924800000000001e-05,7.924800000000001e-05
/opt/modules/Python/3.12.13/lib/python3.12/re/__init__.py,226,compile,19,19,1.462e-05,7.906900000000001e-05
/home/zsun264/bmi500-venv/lib/python3.12/site-packages/pandas/core/internals/blocks.py,255,fill_value,26,26,3.4580000000000004e-05,7.8639e-05
/home/zsun264/bmi500-venv/lib/python3.12/site-packages/pandas/core/dtypes/inference.py,300,<genexpr>,120,120,5.2810000000000004e-05,7.852e-05
/home/zsun264/bmi500-venv/lib/python3.12/site-packages/pandas/core/arrays/categorical.py,1875,_internal_get_values,1,1,4.5500000000000005e-06,7.8299e-05
/home/zsun264/bmi500-venv/lib/python3.12/site-packages/pandas/core/series.py,1483,_set_as_cached,21,21,2.8000000000000003e-05,7.822e-05
/home/zsun264/bmi500-venv/lib/python3.12/site-packages/pandas/core/indexes/multi.py,1047,nlevels,171,171,5.5900000000000004e-05,7.788e-05
/home/zsun264/bmi500-venv/lib/python3.12/site-packages/pandas/util/_validators.py,354,validate_ascending,1,1,2.7e-06,7.6999e-05
/home/zsun264/bmi500-venv/lib/python3.12/site-packages/pandas/core/dtypes/dtypes.py,586,update_dtype,4,4,1.3399000000000002e-05,7.6458e-05
/home/zsun264/bmi500-venv/lib/python3.12/site-packages/packaging/version.py,408,__init__,19,19,5.7409000000000005e-05,7.5109e-05
/home/zsun264/bmi500-venv/lib/python3.12/site-packages/pandas/core/internals/managers.py,2023,internal_values,51,51,6.6599e-05,7.5079e-05
/home/zsun264/bmi500-venv/lib/python3.12/site-packages/pandas/core/internals/blocks.py,2884,ensure_block_shape,20,20,3.3138e-05,7.4756e-05
/home/zsun264/bmi500-venv/lib/python3.12/site-packages/statsmodels/compat/scipy.py,1,<module>,1,1,1.785e-05,7.4029e-05
/home/zsun264/bmi500-venv/lib/python3.12/site-packages/scipy/sparse/_base.py,365,nnz,52,52,2.8699e-05,7.3896e-05
<frozen zipimport>,64,__init__,5,5,1.9050000000000002e-05,7.294e-05
/home/zsun264/bmi500-venv/lib/python3.12/site-packages/pandas/core/dtypes/common.py,123,classes,135,135,7.218e-05,7.218e-05
/home/zsun264/bmi500-venv/lib/python3.12/site-packages/pandas/core/series.py,1434,_set_value,1,1,1.99e-06,7.213900000000001e-05
/opt/modules/Python/3.12.13/lib/python3.12/pathlib.py,407,_load_parts,4,4,1.0490000000000001e-05,7.14e-05
/home/zsun264/bmi500-venv/lib/python3.12/site-packages/pandas/core/construction.py,481,ensure_wrapped_if_datetimelike,64,64,6.24e-05,7.087e-05
/home/zsun264/bmi500-venv/lib/python3.12/site-packages/numpy/core/_methods.py,43,_amin,17,17,9.990000000000001e-06,7.079900000000001e-05
/home/zsun264/bmi500-venv/lib/python3.12/site-packages/pandas/core/series.py,1427,_set_values,1,1,9.34e-06,7.014900000000001e-05
/home/zsun264/bmi500-venv/lib/python3.12/site-packages/pandas/core/indexing.py,982,<genexpr>,126,126,4.546e-05,6.943e-05
/home/zsun264/bmi500-venv/lib/python3.12/site-packages/pandas/core/frame.py,4637,_get_item_cache,34,34,3.8317e-05,6.8787e-05
/home/zsun264/bmi500-venv/lib/python3.12/site-packages/scipy/sparse/_base.py,138,__init__,12,12,5.4099000000000005e-05,6.8039e-05
/home/zsun264/bmi500-venv/lib/python3.12/site-packages/pandas/core/indexes/multi.py,2757,_check_indexing_error,52,52,3.8397000000000005e-05,6.793600000000001e-05
/home/zsun264/bmi500-venv/lib/python3.12/site-packages/pandas/core/construction.py,416,extract_array,74,74,5.495e-05,6.775000000000001e-05
~,0,<method 'reshape' of 'numpy.ndarray' objects>,36,36,6.7308e-05,6.7308e-05
/home/zsun264/bmi500-venv/lib/python3.12/site-packages/pandas/core/generic.py,575,_get_axis_number,217,217,6.6808e-05,6.6808e-05
/home/zsun264/bmi500-venv/lib/python3.12/site-packages/numpy/core/numeric.py,415,count_nonzero,5,5,2.0660000000000002e-05,6.536e-05
/home/zsun264/bmi500-venv/lib/python3.12/site-packages/pandas/core/indexing.py,162,iloc,78,78,6.533e-05,6.533e-05
/home/zsun264/bmi500-venv/lib/python3.12/site-packages/pandas/core/internals/base.py,86,_validate_set_axis,14,14,1.169e-05,6.448800000000001e-05
/opt/modules/Python/3.12.13/lib/python3.12/re/__init__.py,280,_compile,19,19,3.5289e-05,6.4449e-05
/opt/modules/Python/3.12.13/lib/python3.12/warnings.py,484,__enter__,34,34,5.5259e-05,6.4139e-05
/home/zsun264/bmi500-venv/lib/python3.12/site-packages/pandas/core/construction.py,732,_sanitize_str_dtypes,58,58,5.0017000000000006e-05,6.406700000000001e-05
/home/zsun264/bmi500-venv/lib/python3.12/site-packages/numpy/core/arrayprint.py,452,_get_format_function,1,1,1.1929e-05,6.2489e-05
/home/zsun264/bmi500-venv/lib/python3.12/site-packages/pandas/core/indexers/utils.py,62,is_list_like_indexer,76,76,5.9149000000000006e-05,6.229900000000001e-05
/home/zsun264/bmi500-venv/lib/python3.12/site-packages/pandas/core/dtypes/common.py,1341,is_ea_or_datetimelike_dtype,54,54,4.915e-05,6.193e-05
/opt/modules/Python/3.12.13/lib/python3.12/logging/__init__.py,988,format,2,2,5.39e-06,6.184800000000001e-05
/home/zsun264/bmi500-venv/lib/python3.12/site-packages/pandas/core/dtypes/dtypes.py,243,_from_values_or_dtype,4,4,1.806e-05,6.1828e-05
/home/zsun264/bmi500-venv/lib/python3.12/site-packages/pandas/core/indexes/base.py,5180,_get_engine_target,10,10,1.8990000000000003e-05,6.156e-05
/home/zsun264/bmi500-venv/lib/python3.12/site-packages/pandas/core/sorting.py,369,nargsort,1,1,2.9589e-05,6.0519e-05
~,0,<method 'extend' of 'list' objects>,63,63,5.309e-05,6.021e-05
~,0,<built-in method builtins.hash>,259,259,5.9900000000000006e-05,5.9900000000000006e-05
/opt/modules/Python/3.12.13/lib/python3.12/pathlib.py,387,_parse_path,4,4,3.376e-05,5.9760000000000004e-05
/home/zsun264/bmi500-venv/lib/python3.12/site-packages/pandas/core/indexes/base.py,6436,_should_compare,2,2,9.39e-06,5.9328000000000005e-05
/home/zsun264/bmi500-venv/lib/python3.12/site-packages/pandas/core/indexes/base.py,792,is_,25,25,3.637e-05,5.9089e-05
/home/zsun264/bmi500-venv/lib/python3.12/site-packages/pandas/compat/numpy/function.py,413,validate_func,16,16,5.1248e-05,5.8768000000000004e-05
/home/zsun264/bmi500-venv/lib/python3.12/site-packages/pandas/core/series.py,787,name,10,10,2.3339e-05,5.8728000000000004e-05
/home/zsun264/bmi500-venv/lib/python3.12/site-packages/pandas/core/algorithms.py,280,_check_object_for_strings,3,3,4.602e-05,5.8280000000000004e-05
/home/zsun264/bmi500-venv/lib/python3.12/site-packages/pandas/core/internals/construction.py,405,_check_values_indices_shape_match,8,8,1.997e-05,5.7769e-05
/home/zsun264/bmi500-venv/lib/python3.12/site-packages/numpy/core/fromnumeric.py,2421,all,4,4,5.45e-06,5.767e-05
/home/zsun264/bmi500-venv/lib/python3.12/site-packages/pandas/core/internals/managers.py,2140,create_block_manager_from_column_arrays,1,1,8.35e-06,5.7449000000000005e-05
/home/zsun264/bmi500-venv/lib/python3.12/site-packages/scanpy/logging.py,99,format,2,2,1.5680000000000002e-05,5.6458e-05
/home/zsun264/bmi500-venv/lib/python3.12/site-packages/pandas/core/indexing.py,2808,<genexpr>,129,129,3.8349e-05,5.6228000000000004e-05
<frozen importlib._bootstrap_external>,1571,__init__,5,5,2.267e-05,5.6210000000000006e-05
/home/zsun264/bmi500-venv/lib/python3.12/site-packages/pandas/core/dtypes/base.py,294,is_dtype,8,8,9.809e-06,5.6108000000000006e-05
/home/zsun264/bmi500-venv/lib/python3.12/site-packages/numpy/core/arrayprint.py,780,_formatArray,1,1,6.27e-06,5.5839000000000005e-05
/home/zsun264/bmi500-venv/lib/python3.12/site-packages/pandas/core/dtypes/inference.py,195,is_array_like,54,54,4.1089000000000006e-05,5.5389e-05
/home/zsun264/bmi500-venv/lib/python3.12/site-packages/scipy/sparse/_base.py,98,_shape_as_2d,42,42,4.8248e-05,5.5248000000000004e-05
/home/zsun264/bmi500-venv/lib/python3.12/site-packages/pandas/core/dtypes/common.py,635,is_integer_dtype,6,6,2.142e-05,5.492800000000001e-05
/home/zsun264/bmi500-venv/lib/python3.12/site-packages/pandas/core/common.py,311,is_null_slice,63,63,4.2619e-05,5.3508e-05
~,0,<method 'remove' of 'list' objects>,48,48,5.2359000000000005e-05,5.2359000000000005e-05
/home/zsun264/bmi500-venv/lib/python3.12/site-packages/pandas/core/indexes/multi.py,2021,_lexsort_depth,1,1,3.01e-06,5.2109000000000005e-05
<frozen importlib._bootstrap_external>,134,<genexpr>,92,92,3.113e-05,5.1670000000000005e-05
/home/zsun264/bmi500-venv/lib/python3.12/site-packages/pandas/core/indexing.py,1666,<genexpr>,82,82,5.1629e-05,5.1629e-05
/home/zsun264/bmi500-venv/lib/python3.12/site-packages/numpy/core/records.py,435,__array_finalize__,25,25,2.5180000000000003e-05,5.13e-05
/home/zsun264/bmi500-venv/lib/python3.12/site-packages/numpy/core/_ufunc_config.py,33,seterr,8,8,2.3348e-05,5.1178000000000004e-05
/home/zsun264/bmi500-venv/lib/python3.12/site-packages/pandas/core/common.py,568,require_length_match,25,25,1.573e-05,5.1169000000000004e-05
/home/zsun264/bmi500-venv/lib/python3.12/site-packages/pandas/core/indexes/multi.py,2976,_get_loc_single_level_index,10,10,1.7419e-05,5.1018000000000005e-05
/home/zsun264/bmi500-venv/lib/python3.12/site-packages/pandas/core/internals/base.py,332,array,32,32,3.2000000000000005e-05,5.0990000000000005e-05
/home/zsun264/bmi500-venv/lib/python3.12/site-packages/statsmodels/compat/numpy.py,1,<module>,1,1,1.65e-05,5.093e-05
/home/zsun264/bmi500-venv/lib/python3.12/site-packages/pandas/core/indexes/range.py,201,_simple_new,11,11,2.8668e-05,5.0788e-05
/opt/modules/Python/3.12.13/lib/python3.12/warnings.py,505,__exit__,34,34,4.3959000000000004e-05,5.0719e-05
/home/zsun264/bmi500-venv/lib/python3.12/site-packages/pandas/core/indexes/multi.py,1590,_get_names,70,70,5.0220000000000004e-05,5.0220000000000004e-05
/home/zsun264/bmi500-venv/lib/python3.12/site-packages/numpy/core/arrayprint.py,789,recurser,1,5,2.5939e-05,4.9569000000000006e-05
/home/zsun264/bmi500-venv/lib/python3.12/site-packages/numpy/lib/stride_tricks.py,480,broadcast_arrays,4,4,1.709e-05,4.9460000000000004e-05
/home/zsun264/bmi500-venv/lib/python3.12/site-packages/pandas/core/frame.py,1034,axes,47,47,4.9300000000000006e-05,4.9300000000000006e-05
/home/zsun264/bmi500-venv/lib/python3.12/site-packages/pandas/core/internals/blocks.py,1319,iget,37,37,4.9219000000000004e-05,4.9219000000000004e-05
/home/zsun264/bmi500-venv/lib/python3.12/site-packages/pandas/core/arrays/_mixins.py,78,method,1,1,3.49e-06,4.8819e-05
<frozen importlib._bootstrap>,1226,__exit__,97,97,2.9760000000000003e-05,4.8570000000000004e-05
/home/zsun264/bmi500-venv/lib/python3.12/site-packages/pandas/core/indexes/multi.py,4056,_lexsort_depth,1,1,1.766e-05,4.8379000000000006e-05
/home/zsun264/bmi500-venv/lib/python3.12/site-packages/pandas/core/indexes/base.py,3816,<genexpr>,125,125,3.017e-05,4.78e-05
/home/zsun264/bmi500-venv/lib/python3.12/site-packages/pandas/core/frame.py,4481,_iset_item_mgr,1,1,8.750000000000001e-06,4.7419e-05
/home/zsun264/bmi500-venv/lib/python3.12/site-packages/pandas/core/indexing.py,993,_validate_key_length,78,78,3.5130000000000004e-05,4.7210000000000004e-05
/home/zsun264/bmi500-venv/lib/python3.12/site-packages/pandas/core/indexes/multi.py,3708,equals,5,5,8.25e-06,4.6630000000000006e-05
<frozen importlib._bootstrap>,1128,find_spec,24,24,1.7549e-05,4.6617000000000004e-05
/home/zsun264/bmi500-venv/lib/python3.12/site-packages/pandas/core/series.py,792,values,11,11,5.29e-06,4.648e-05
/home/zsun264/bmi500-venv/lib/python3.12/site-packages/pandas/core/indexes/base.py,541,<genexpr>,32,32,4.2908e-05,4.6327000000000006e-05
/home/zsun264/bmi500-venv/lib/python3.12/site-packages/pandas/core/internals/managers.py,1801,_consolidate_inplace,9,9,1.3630000000000002e-05,4.6320000000000004e-05
/home/zsun264/bmi500-venv/lib/python3.12/site-packages/pandas/core/series.py,710,dtype,42,42,1.571e-05,4.6150000000000004e-05
/home/zsun264/bmi500-venv/lib/python3.12/site-packages/numpy/core/_ufunc_config.py,430,__enter__,4,4,1.045e-05,4.5948e-05
/home/zsun264/bmi500-venv/lib/python3.12/site-packages/scipy/sparse/_sputils.py,350,isintlike,16,16,3.682e-05,4.545e-05
/home/zsun264/bmi500-venv/lib/python3.12/site-packages/pandas/core/arrays/categorical.py,1639,__array__,1,1,2.86e-06,4.5329000000000006e-05
/home/zsun264/bmi500-venv/lib/python3.12/site-packages/scipy/sparse/_compressed.py,118,_getnnz,52,52,4.5197e-05,4.5197e-05
/home/zsun264/bmi500-venv/lib/python3.12/site-packages/pandas/core/internals/managers.py,2209,_form_blocks,1,1,2.0410000000000003e-05,4.4839e-05
/home/zsun264/bmi500-venv/lib/python3.12/site-packages/pandas/_config/config.py,676,_translate_key,15,15,3.2720000000000005e-05,4.4649000000000006e-05
<frozen importlib._bootstrap>,1222,__enter__,97,97,2.708e-05,4.4639000000000004e-05
~,0,<built-in method builtins.sorted>,45,45,4.3929000000000006e-05,4.3929000000000006e-05
/home/zsun264/bmi500-venv/lib/python3.12/site-packages/pandas/core/internals/managers.py,372,setitem,1,1,4.540000000000001e-06,4.363e-05
/home/zsun264/bmi500-venv/lib/python3.12/site-packages/pandas/core/indexing.py,1181,<genexpr>,126,126,4.3619000000000004e-05,4.3619000000000004e-05
/home/zsun264/bmi500-venv/lib/python3.12/site-packages/pandas/core/ops/array_ops.py,288,comparison_op,1,1,1.162e-05,4.3579000000000004e-05
<frozen importlib._bootstrap>,491,_verbose_message,166,166,4.347e-05,4.347e-05
<frozen importlib._bootstrap>,445,cb,24,24,2.6859e-05,4.3298000000000005e-05
/home/zsun264/bmi500-venv/lib/python3.12/site-packages/numpy/core/arrayprint.py,410,<lambda>,1,1,4.26e-06,4.303e-05
/home/zsun264/bmi500-venv/lib/python3.12/site-packages/pandas/core/indexing.py,2817,<genexpr>,129,129,2.879e-05,4.265e-05
/home/zsun264/bmi500-venv/lib/python3.12/site-packages/pandas/core/indexes/base.py,592,_ensure_array,27,27,4.2419e-05,4.2419e-05
~,0,<method 'transpose' of 'numpy.ndarray' objects>,49,49,4.176e-05,4.176e-05
/home/zsun264/bmi500-venv/lib/python3.12/site-packages/pandas/core/generic.py,4424,_check_setitem_copy,21,21,2.4240000000000002e-05,4.1570000000000003e-05
/home/zsun264/bmi500-venv/lib/python3.12/site-packages/pandas/core/internals/managers.py,2019,external_values,11,11,1.143e-05,4.1190000000000004e-05
/home/zsun264/bmi500-venv/lib/python3.12/site-packages/pandas/core/series.py,667,_constructor_from_mgr,3,3,7.74e-06,4.0940000000000004e-05
<frozen importlib._bootstrap>,74,__new__,25,25,2.7628e-05,4.0488e-05
/home/zsun264/bmi500-venv/lib/python3.12/site-packages/pandas/core/indexes/multi.py,3900,_validate_fill_value,19,19,2.1360000000000002e-05,4.032e-05
<frozen importlib._bootstrap_external>,164,_path_isdir,5,5,3.8400000000000005e-06,3.9749e-05
~,0,<built-in method builtins.callable>,182,182,3.936e-05,3.936e-05
<frozen importlib._bootstrap_external>,185,_path_abspath,28,28,1.1360000000000001e-05,3.931e-05
/home/zsun264/bmi500-venv/lib/python3.12/site-packages/pandas/core/construction.py,766,_try_cast,3,3,1.168e-05,3.927e-05
/opt/modules/Python/3.12.13/lib/python3.12/logging/__init__.py,690,format,2,2,8.198e-06,3.9118e-05
/home/zsun264/bmi500-venv/lib/python3.12/site-packages/pandas/core/dtypes/common.py,1581,validate_all_hashable,11,11,1.397e-05,3.9039000000000003e-05
/home/zsun264/bmi500-venv/lib/python3.12/site-packages/numpy/core/arrayprint.py,1223,__init__,1,1,1.4900000000000001e-05,3.877e-05
<frozen importlib._bootstrap>,232,__init__,24,24,3.0240000000000002e-05,3.872e-05
/home/zsun264/bmi500-venv/lib/python3.12/site-packages/pandas/core/dtypes/missing.py,673,na_value_for_dtype,28,28,3.1100000000000004e-05,3.8180000000000004e-05
~,0,<method 'startswith' of 'str' objects>,65,65,3.796e-05,3.796e-05
/home/zsun264/bmi500-venv/lib/python3.12/site-packages/statsmodels/tools/docstring_helpers.py,1,<module>,1,1,6.290000000000001e-06,3.791e-05
/home/zsun264/bmi500-venv/lib/python3.12/site-packages/pandas/core/internals/managers.py,1085,iset,1,1,1.126e-05,3.7429000000000004e-05
/opt/modules/Python/3.12.13/lib/python3.12/pathlib.py,420,_from_parsed_parts,4,4,7.840000000000001e-06,3.741e-05
/home/zsun264/bmi500-venv/lib/python3.12/site-packages/pandas/core/dtypes/common.py,1272,is_1d_only_ea_dtype,39,39,2.1660000000000003e-05,3.706e-05
/home/zsun264/bmi500-venv/lib/python3.12/site-packages/packaging/version.py,606,__lt__,15,15,2.088e-05,3.6949e-05
/home/zsun264/bmi500-venv/lib/python3.12/site-packages/_distutils_hack/__init__.py,101,find_spec,24,24,1.6649000000000003e-05,3.6699e-05
/home/zsun264/bmi500-venv/lib/python3.12/site-packages/pandas/core/arrays/categorical.py,765,categories,40,40,2.16e-05,3.667e-05
/home/zsun264/bmi500-venv/lib/python3.12/site-packages/pandas/core/accessor.py,220,__get__,1,1,5.11e-06,3.6450000000000005e-05
/home/zsun264/bmi500-venv/lib/python3.12/site-packages/scanpy/_settings.py,57,level,4,4,1.622e-05,3.637e-05
<frozen importlib._bootstrap_external>,647,_check_name_wrapper,23,23,3.2858e-05,3.6228e-05
~,0,<built-in method numpy.asanyarray>,81,81,3.5859000000000003e-05,3.5859000000000003e-05
/home/zsun264/bmi500-venv/lib/python3.12/site-packages/pandas/core/array_algos/take.py,287,_get_take_nd_function_cached,2,2,2.135e-05,3.575e-05
/opt/modules/Python/3.12.13/lib/python3.12/pathlib.py,1157,__init__,8,8,1.3469000000000001e-05,3.5579e-05
/opt/modules/Python/3.12.13/lib/python3.12/enum.py,202,__get__,23,23,1.649e-05,3.508e-05
/home/zsun264/bmi500-venv/lib/python3.12/site-packages/scipy/sparse/_sputils.py,472,<genexpr>,36,36,2.5289e-05,3.4749e-05
/home/zsun264/bmi500-venv/lib/python3.12/site-packages/pandas/core/generic.py,408,flags,168,168,3.461e-05,3.461e-05
~,0,<method 'ravel' of 'numpy.ndarray' objects>,50,50,3.4518000000000004e-05,3.4518000000000004e-05
/home/zsun264/bmi500-venv/lib/python3.12/site-packages/pandas/core/common.py,152,cast_scalar_indexer,90,90,3.418e-05,3.418e-05
/home/zsun264/bmi500-venv/lib/python3.12/site-packages/pandas/core/dtypes/missing.py,728,is_valid_na_for_dtype,14,14,1.391e-05,3.4030000000000005e-05
/home/zsun264/bmi500-venv/lib/python3.12/site-packages/pandas/core/series.py,737,name,15,15,1.2110000000000001e-05,3.3650000000000005e-05
/home/zsun264/bmi500-venv/lib/python3.12/site-packages/packaging/version.py,110,parse,4,4,9.52e-06,3.345e-05
/home/zsun264/bmi500-venv/lib/python3.12/site-packages/numpy/core/fromnumeric.py,1881,nonzero,5,5,5.62e-06,3.319e-05
/opt/modules/Python/3.12.13/lib/python3.12/copy.py,191,_deepcopy_list,2,2,7.660000000000001e-06,3.2949e-05
/home/zsun264/bmi500-venv/lib/python3.12/site-packages/pandas/core/internals/managers.py,1783,is_consolidated,9,9,1.755e-05,3.269e-05
/home/zsun264/bmi500-venv/lib/python3.12/site-packages/pandas/core/indexes/base.py,610,_dtype_to_subclass,27,27,2.4050000000000002e-05,3.261e-05
~,0,<method 'view' of 'numpy.ndarray' objects>,66,66,3.2449e-05,3.2449e-05
/home/zsun264/bmi500-venv/lib/python3.12/site-packages/pandas/core/indexes/base.py,5154,_values,212,212,3.2380000000000005e-05,3.2380000000000005e-05
/home/zsun264/bmi500-venv/lib/python3.12/site-packages/pandas/core/series.py,6480,any,1,1,1.006e-05,3.2040000000000005e-05
/home/zsun264/bmi500-venv/lib/python3.12/site-packages/pandas/util/_validators.py,226,validate_bool_kwarg,19,19,3.159e-05,3.159e-05
/home/zsun264/bmi500-venv/lib/python3.12/site-packages/pandas/core/indexes/range.py,488,copy,1,1,5.500000000000001e-06,3.1539000000000004e-05
/home/zsun264/bmi500-venv/lib/python3.12/site-packages/pandas/core/arrays/categorical.py,2938,__init__,1,1,1.0680000000000001e-05,3.134e-05
<frozen importlib._bootstrap>,82,remove,25,25,1.983e-05,3.0850000000000004e-05
/opt/modules/Python/3.12.13/lib/python3.12/logging/__init__.py,1611,findCaller,2,2,1.3389e-05,3.0839e-05
/home/zsun264/bmi500-venv/lib/python3.12/site-packages/pandas/core/indexes/multi.py,1082,codes,135,135,3.0649000000000004e-05,3.0649000000000004e-05
/home/zsun264/bmi500-venv/lib/python3.12/site-packages/pandas/core/internals/managers.py,2012,dtype,42,42,2.8530000000000003e-05,3.0440000000000003e-05
/home/zsun264/bmi500-venv/lib/python3.12/site-packages/pandas/core/indexes/range.py,376,dtype,247,247,3.009e-05,3.009e-05
/home/zsun264/bmi500-venv/lib/python3.12/site-packages/statsmodels/tools/_test_runner.py,1,<module>,1,1,6.4900000000000005e-06,2.9949e-05
~,0,<method 'split' of 'str' objects>,38,38,2.9900000000000002e-05,2.9900000000000002e-05
~,0,<built-in method _imp.acquire_lock>,146,146,2.9828000000000003e-05,2.9828000000000003e-05
/home/zsun264/bmi500-venv/lib/python3.12/site-packages/pandas/core/internals/blocks.py,251,external_values,11,11,9.13e-06,2.9760000000000003e-05
/home/zsun264/bmi500-venv/lib/python3.12/site-packages/pandas/core/generic.py,595,_get_block_manager_axis,23,23,2.415e-05,2.8709000000000002e-05
~,0,<built-in method now>,4,4,2.843e-05,2.843e-05
/home/zsun264/bmi500-venv/lib/python3.12/site-packages/scipy/_lib/_util.py,154,_prune_array,26,26,2.814e-05,2.814e-05
~,0,<method 'clear' of 'dict' objects>,99,99,2.8109e-05,2.8109e-05
<frozen importlib._bootstrap_external>,180,_path_isabs,28,28,1.372e-05,2.7950000000000002e-05
/home/zsun264/bmi500-venv/lib/python3.12/site-packages/pandas/core/construction.py,755,_maybe_repeat,58,58,1.966e-05,2.773e-05
~,0,<built-in method _imp.release_lock>,146,146,2.773e-05,2.773e-05
/home/zsun264/bmi500-venv/lib/python3.12/site-packages/pandas/core/generic.py,366,attrs,84,84,2.7640000000000003e-05,2.7640000000000003e-05
~,0,<method 'insert' of 'list' objects>,68,68,2.695e-05,2.695e-05
~,0,<built-in method builtins.setattr>,32,32,2.6730000000000003e-05,2.6730000000000003e-05
~,0,<built-in method _operator.index>,114,114,2.6560000000000003e-05,2.6560000000000003e-05
<frozen importlib._bootstrap>,79,__init__,25,25,2.638e-05,2.638e-05
/home/zsun264/bmi500-venv/lib/python3.12/site-packages/pandas/core/algorithms.py,184,_reconstruct_data,6,6,8.560000000000001e-06,2.6259e-05
~,0,<method 'indices' of 'slice' objects>,24,24,2.6150000000000002e-05,2.6150000000000002e-05
/home/zsun264/bmi500-venv/lib/python3.12/site-packages/numpy/core/records.py,441,__getattribute__,45,45,2.612e-05,2.612e-05
/home/zsun264/bmi500-venv/lib/python3.12/site-packages/pandas/_config/config.py,617,_select_options,15,15,2.576e-05,2.576e-05
/opt/modules/Python/3.12.13/lib/python3.12/multiprocessing/synchronize.py,94,__enter__,8,8,1.4709000000000001e-05,2.5689e-05
<frozen importlib._bootstrap>,173,__exit__,25,25,1.3640000000000002e-05,2.5450000000000002e-05
<frozen importlib._bootstrap>,982,find_spec,24,24,1.159e-05,2.542e-05
/home/zsun264/bmi500-venv/lib/python3.12/site-packages/pandas/core/generic.py,699,ndim,88,88,2.5410000000000002e-05,2.5410000000000002e-05
/home/zsun264/bmi500-venv/lib/python3.12/site-packages/pandas/core/indexes/base.py,6461,_is_comparable_dtype,2,2,5.179000000000001e-06,2.5319000000000003e-05
/home/zsun264/bmi500-venv/lib/python3.12/site-packages/pandas/core/accessor.py,95,_getter,11,11,6.079000000000001e-06,2.5189000000000002e-05
/home/zsun264/bmi500-venv/lib/python3.12/site-packages/statsmodels/iolib/smpickle.py,1,<module>,1,1,4.48e-06,2.515e-05
/home/zsun264/bmi500-venv/lib/python3.12/site-packages/pandas/core/dtypes/common.py,1042,needs_i8_conversion,19,19,1.599e-05,2.513e-05
/home/zsun264/bmi500-venv/lib/python3.12/site-packages/numpy/core/getlimits.py,696,min,20,20,2.508e-05,2.508e-05
<frozen importlib._bootstrap>,48,_new_module,23,23,2.5039000000000002e-05,2.5039000000000002e-05
/home/zsun264/bmi500-venv/lib/python3.12/site-packages/pandas/core/indexing.py,983,<genexpr>,15,15,8.14e-06,2.4849000000000002e-05
/home/zsun264/bmi500-venv/lib/python3.12/site-packages/pandas/core/indexers/utils.py,187,validate_indices,1,1,7.95e-06,2.476e-05
/home/zsun264/bmi500-venv/lib/python3.12/site-packages/pandas/core/dtypes/cast.py,1617,maybe_cast_to_integer_array,1,1,1.0820000000000001e-05,2.4690000000000002e-05
~,0,<method 'rfind' of 'str' objects>,52,52,2.468e-05,2.468e-05
/home/zsun264/bmi500-venv/lib/python3.12/site-packages/numpy/core/numerictypes.py,357,issubdtype,4,4,1.0579e-05,2.4599000000000003e-05
/home/zsun264/bmi500-venv/lib/python3.12/site-packages/pandas/core/internals/construction.py,596,_homogenize,1,1,3.48e-06,2.4509000000000002e-05
/home/zsun264/bmi500-venv/lib/python3.12/site-packages/statsmodels/tools/validation/validation.py,1,<module>,1,1,8.76e-06,2.443e-05
/home/zsun264/bmi500-venv/lib/python3.12/site-packages/pandas/core/internals/blocks.py,1439,setitem,1,1,1.897e-05,2.4010000000000002e-05
/opt/modules/Python/3.12.13/lib/python3.12/warnings.py,168,simplefilter,3,3,6.68e-06,2.398e-05
~,0,<built-in method numpy.core._multiarray_umath.normalize_axis_index>,90,90,2.392e-05,2.392e-05
/home/zsun264/bmi500-venv/lib/python3.12/site-packages/pandas/core/internals/managers.py,246,items,36,36,2.3420000000000003e-05,2.3420000000000003e-05
/opt/modules/Python/3.12.13/lib/python3.12/pathlib.py,380,with_segments,4,4,6.61e-06,2.3120000000000002e-05
/home/zsun264/bmi500-venv/lib/python3.12/site-packages/statsmodels/iolib/openfile.py,1,<module>,1,1,6.17e-06,2.245e-05
/home/zsun264/bmi500-venv/lib/python3.12/site-packages/numpy/core/_ufunc_config.py,435,__exit__,4,4,6.62e-06,2.23e-05
/home/zsun264/bmi500-venv/lib/python3.12/site-packages/pandas/core/arrays/categorical.py,863,codes,4,4,1.751e-05,2.218e-05
~,0,<method 'disable' of '_lsprof.Profiler' objects>,1,1,2.215e-05,2.215e-05
/opt/modules/Python/3.12.13/lib/python3.12/logging/__init__.py,674,formatMessage,2,2,2.25e-06,2.215e-05
/home/zsun264/bmi500-venv/lib/python3.12/site-packages/pandas/core/algorithms.py,217,_ensure_arraylike,5,5,3.7600000000000004e-06,2.2119000000000003e-05
/opt/modules/Python/3.12.13/lib/python3.12/pathlib.py,358,__init__,8,8,1.4050000000000001e-05,2.211e-05
/home/zsun264/bmi500-venv/lib/python3.12/site-packages/pandas/core/indexes/base.py,2783,_is_multi,11,11,3.65e-06,2.16e-05
/home/zsun264/bmi500-venv/lib/python3.12/site-packages/pandas/core/internals/managers.py,196,blklocs,62,62,2.1448000000000002e-05,2.1448000000000002e-05
/home/zsun264/bmi500-venv/lib/python3.12/site-packages/numpy/core/_dtype.py,330,_name_includes_bit_suffix,16,16,8.84e-06,2.1389e-05
/home/zsun264/bmi500-venv/lib/python3.12/site-packages/pandas/core/dtypes/base.py,238,construct_from_string,11,11,1.8339000000000002e-05,2.1289000000000002e-05
/home/zsun264/bmi500-venv/lib/python3.12/site-packages/scipy/sparse/_sputils.py,372,isshape,12,12,1.3520000000000001e-05,2.1009e-05
~,0,<method 'pop' of 'list' objects>,63,63,2.0968e-05,2.0968e-05
/opt/modules/Python/3.12.13/lib/python3.12/logging/__init__.py,1790,isEnabledFor,4,4,1.4760000000000001e-05,2.084e-05
~,0,<method '__exit__' of '_thread.RLock' objects>,58,58,2.078e-05,2.078e-05
/home/zsun264/bmi500-venv/lib/python3.12/site-packages/pandas/core/internals/blocks.py,2900,external_values,11,11,1.2070000000000001e-05,2.063e-05
/home/zsun264/bmi500-venv/lib/python3.12/site-packages/pandas/core/indexes/base.py,6336,_maybe_downcast_for_indexing,2,2,6.640000000000001e-06,2.0580000000000003e-05
/home/zsun264/bmi500-venv/lib/python3.12/site-packages/pandas/core/series.py,6439,_reduce,1,1,6.7e-06,2.0580000000000003e-05
/home/zsun264/bmi500-venv/lib/python3.12/site-packages/scipy/sparse/_compressed.py,1320,_process_slice,8,8,1.217e-05,2.055e-05
~,0,<method 'write' of '_io.TextIOWrapper' objects>,2,2,2.055e-05,2.055e-05
/home/zsun264/bmi500-venv/lib/python3.12/site-packages/pandas/core/indexes/base.py,2751,inferred_type,1,1,1.464e-05,2.046e-05
/home/zsun264/bmi500-venv/lib/python3.12/site-packages/pandas/core/indexing.py,942,<genexpr>,126,126,2.044e-05,2.044e-05
~,0,<method 'item' of 'numpy.ndarray' objects>,45,45,2.027e-05,2.027e-05
~,0,<built-in method from_bytes>,69,69,2.0189000000000003e-05,2.0189000000000003e-05
/home/zsun264/bmi500-venv/lib/python3.12/site-packages/scipy/sparse/_sputils.py,112,getdtype,4,4,2.0110000000000002e-05,2.0110000000000002e-05
/home/zsun264/bmi500-venv/lib/python3.12/site-packages/pandas/core/indexing.py,1380,_get_label,1,1,4.880000000000001e-06,2.0110000000000002e-05
~,0,<function FrozenList.__getitem__ at 0x153cc52887c0>,89,89,2e-05,2e-05
/home/zsun264/bmi500-venv/lib/python3.12/site-packages/pandas/core/dtypes/common.py,1083,is_numeric_dtype,3,3,6.88e-06,1.9980000000000002e-05
/opt/modules/Python/3.12.13/lib/python3.12/logging/__init__.py,462,format,2,2,2.24e-06,1.9900000000000003e-05
~,0,<built-in method _warnings._filters_mutated>,91,91,1.9900000000000003e-05,1.9900000000000003e-05
/home/zsun264/bmi500-venv/lib/python3.12/site-packages/numba/core/serialize.py,30,_numba_unpickle,16,16,1.9669e-05,1.9669e-05
/home/zsun264/bmi500-venv/lib/python3.12/site-packages/pandas/core/ops/array_ops.py,189,_na_arithmetic_op,1,1,7.3800000000000005e-06,1.9600000000000002e-05
~,0,<method 'items' of 'dict' objects>,31,31,1.949e-05,1.949e-05
/home/zsun264/bmi500-venv/lib/python3.12/site-packages/pandas/core/arrays/categorical.py,2172,_unbox_scalar,4,4,1.2630000000000001e-05,1.913e-05
/home/zsun264/bmi500-venv/lib/python3.12/site-packages/pandas/core/arrays/categorical.py,2950,_delegate_property_get,11,11,4.12e-06,1.911e-05
/opt/modules/Python/3.12.13/lib/python3.12/contextlib.py,446,__exit__,42,42,1.5740000000000002e-05,1.9030000000000002e-05
/home/zsun264/bmi500-venv/lib/python3.12/site-packages/pandas/core/internals/managers.py,291,arrays,32,32,1.8990000000000003e-05,1.8990000000000003e-05
/home/zsun264/bmi500-venv/lib/python3.12/site-packages/pandas/_config/__init__.py,55,using_string_dtype,39,39,1.895e-05,1.895e-05
/opt/modules/Python/3.12.13/lib/python3.12/warnings.py,458,__init__,34,34,1.861e-05,1.861e-05
/home/zsun264/bmi500-venv/lib/python3.12/site-packages/pandas/core/indexes/multi.py,1676,_get_level_number,2,2,1.2240000000000001e-05,1.83e-05
/home/zsun264/bmi500-venv/lib/python3.12/site-packages/pandas/core/internals/managers.py,1856,__init__,48,48,1.826e-05,1.826e-05
/home/zsun264/bmi500-venv/lib/python3.12/site-packages/pandas/core/indexing.py,1166,_check_deprecated_callable_usage,18,18,1.596e-05,1.821e-05
/home/zsun264/bmi500-venv/lib/python3.12/site-packages/pandas/core/internals/blocks.py,744,dtype,46,46,1.8059e-05,1.8059e-05
/home/zsun264/bmi500-venv/lib/python3.12/site-packages/pandas/compat/numpy/function.py,64,__call__,45,45,1.794e-05,1.794e-05
/opt/modules/Python/3.12.13/lib/python3.12/typing.py,2187,cast,139,139,1.7670000000000002e-05,1.7670000000000002e-05
/opt/modules/Python/3.12.13/lib/python3.12/logging/__init__.py,477,_format,2,2,9.55e-06,1.766e-05
/home/zsun264/bmi500-venv/lib/python3.12/site-packages/pandas/core/indexes/base.py,5305,_validate_fill_value,7,7,1.1369e-05,1.7589e-05
/home/zsun264/bmi500-venv/lib/python3.12/site-packages/numpy/lib/stride_tricks.py,416,_broadcast_shape,4,4,1.667e-05,1.745e-05
/home/zsun264/bmi500-venv/lib/python3.12/site-packages/pandas/core/flags.py,55,allows_duplicate_labels,84,84,1.713e-05,1.713e-05
/opt/modules/Python/3.12.13/lib/python3.12/contextlib.py,272,contextmanager,1,1,5.99e-06,1.709e-05
/home/zsun264/bmi500-venv/lib/python3.12/site-packages/pandas/core/indexes/base.py,456,_engine_type,10,10,1.151e-05,1.692e-05
/opt/modules/Python/3.12.13/lib/python3.12/logging/__init__.py,1137,flush,2,2,7.620000000000001e-06,1.686e-05
/home/zsun264/bmi500-venv/lib/python3.12/site-packages/pandas/_config/__init__.py,42,warn_copy_on_write,57,57,1.671e-05,1.671e-05
/home/zsun264/bmi500-venv/lib/python3.12/site-packages/pandas/core/indexing.py,2757,is_nested_tuple,10,10,1.256e-05,1.6709000000000002e-05
/home/zsun264/bmi500-venv/lib/python3.12/site-packages/pandas/core/internals/managers.py,1869,from_blocks,5,5,1.289e-05,1.67e-05
/home/zsun264/bmi500-venv/lib/python3.12/site-packages/scipy/sparse/_matrix.py,65,get_shape,59,59,1.6590000000000002e-05,1.6590000000000002e-05
/home/zsun264/bmi500-venv/lib/python3.12/site-packages/numpy/core/_ufunc_config.py,132,geterr,8,8,1.526e-05,1.654e-05
/home/zsun264/bmi500-venv/lib/python3.12/site-packages/pandas/core/internals/managers.py,2339,_preprocess_slice_or_indexer,7,7,1.269e-05,1.6499000000000002e-05
/home/zsun264/bmi500-venv/lib/python3.12/site-packages/pandas/core/internals/managers.py,932,__init__,47,47,1.648e-05,1.648e-05
/home/zsun264/bmi500-venv/lib/python3.12/site-packages/pandas/core/indexes/multi.py,3044,_maybe_to_slice,10,10,1.4730000000000001e-05,1.6270000000000002e-05
~,0,<built-in method sys.intern>,39,39,1.624e-05,1.624e-05
/home/zsun264/bmi500-venv/lib/python3.12/site-packages/pandas/core/indexes/base.py,6718,_maybe_cast_indexer,129,129,1.622e-05,1.622e-05
/home/zsun264/bmi500-venv/lib/python3.12/site-packages/scipy/sparse/_index.py,470,_compatible_boolean_index,8,8,1.3000000000000001e-05,1.6040000000000002e-05
~,0,<method 'format' of 'str' objects>,7,7,1.596e-05,1.596e-05
/home/zsun264/bmi500-venv/lib/python3.12/site-packages/pandas/core/construction.py,685,_sanitize_non_ordered,16,16,1.1710000000000001e-05,1.595e-05
~,0,<built-in method _imp.find_frozen>,24,24,1.5599e-05,1.5599e-05
~,0,<method 'values' of 'dict' objects>,16,16,1.5569e-05,1.5569e-05
/home/zsun264/bmi500-venv/lib/python3.12/site-packages/pandas/core/indexes/base.py,918,__array__,1,1,2.6990000000000003e-06,1.5509e-05
/home/zsun264/bmi500-venv/lib/python3.12/site-packages/pandas/core/indexes/extension.py,67,fget,5,5,2.15e-06,1.535e-05
/home/zsun264/bmi500-venv/lib/python3.12/site-packages/scipy/sparse/_csc.py,145,_swap,62,62,1.533e-05,1.533e-05
/opt/modules/Python/3.12.13/lib/python3.12/typing.py,175,_type_check,3,3,1.146e-05,1.5250000000000001e-05
/home/zsun264/bmi500-venv/lib/python3.12/site-packages/pandas/core/generic.py,4181,xs,1,1,3.01e-06,1.5230000000000002e-05
/home/zsun264/bmi500-venv/lib/python3.12/site-packages/pandas/core/indexes/base.py,1704,_validate_names,1,1,8.309000000000001e-06,1.5229000000000001e-05
/home/zsun264/bmi500-venv/lib/python3.12/site-packages/pandas/core/internals/managers.py,1791,_consolidate_check,9,9,1.3690000000000001e-05,1.514e-05
~,0,<built-in method builtins.id>,87,87,1.514e-05,1.514e-05
/home/zsun264/bmi500-venv/lib/python3.12/site-packages/numpy/core/arrayprint.py,753,_extendLine_pretty,4,4,6.54e-06,1.513e-05
~,0,<built-in method posix.fspath>,91,91,1.5129e-05,1.5129e-05
/opt/modules/Python/3.12.13/lib/python3.12/enum.py,1291,value,19,19,1.497e-05,1.497e-05
/home/zsun264/bmi500-venv/lib/python3.12/site-packages/numpy/core/getlimits.py,709,max,20,20,1.4900000000000001e-05,1.4900000000000001e-05
/home/zsun264/bmi500-venv/lib/python3.12/site-packages/pandas/core/indexing.py,2519,__getitem__,1,1,8.14e-06,1.4700000000000002e-05
/home/zsun264/bmi500-venv/lib/python3.12/site-packages/pandas/core/series.py,1507,_maybe_update_cacher,1,1,4.079e-06,1.4579e-05
/home/zsun264/bmi500-venv/lib/python3.12/site-packages/pandas/core/internals/blocks.py,816,copy,2,2,1.2600000000000001e-05,1.4560000000000001e-05
/opt/modules/Python/3.12.13/lib/python3.12/multiprocessing/synchronize.py,97,__exit__,8,8,9.35e-06,1.446e-05
~,0,<built-in method _thread.get_ident>,55,55,1.4459000000000002e-05,1.4459000000000002e-05
/home/zsun264/bmi500-venv/lib/python3.12/site-packages/pandas/core/dtypes/common.py,1165,is_float_dtype,4,4,7.430000000000001e-06,1.431e-05
/opt/modules/Python/3.12.13/lib/python3.12/logging/__init__.py,129,getLevelName,6,6,8.69e-06,1.4180000000000001e-05
~,0,<method 'endswith' of 'str' objects>,24,24,1.407e-05,1.407e-05
/home/zsun264/bmi500-venv/lib/python3.12/site-packages/pandas/core/internals/managers.py,602,copy_func,1,1,2.91e-06,1.3949000000000001e-05
/opt/modules/Python/3.12.13/lib/python3.12/threading.py,1182,name,2,2,1.3850000000000001e-05,1.3850000000000001e-05
~,0,<built-in method _imp.is_builtin>,24,24,1.3830000000000001e-05,1.3830000000000001e-05
~,0,<built-in method _operator.eq>,4,4,1.3489e-05,1.3489e-05
/home/zsun264/bmi500-venv/lib/python3.12/site-packages/numpy/core/fromnumeric.py,2692,max,1,1,2.33e-06,1.3450000000000002e-05
/home/zsun264/bmi500-venv/lib/python3.12/site-packages/packaging/version.py,1178,_cmpkey,19,19,1.041e-05,1.3449000000000001e-05
/home/zsun264/bmi500-venv/lib/python3.12/site-packages/pandas/core/dtypes/common.py,1600,<genexpr>,22,22,6.97e-06,1.325e-05
/home/zsun264/bmi500-venv/lib/python3.12/site-packages/numpy/core/numerictypes.py,283,issubclass_,8,8,5.46e-06,1.325e-05
/home/zsun264/bmi500-venv/lib/python3.12/site-packages/pandas/core/arrays/categorical.py,494,dtype,55,55,1.3100000000000002e-05,1.3100000000000002e-05
/home/zsun264/bmi500-venv/lib/python3.12/site-packages/statsmodels/compat/python.py,1,<module>,1,1,7.51e-06,1.309e-05
/home/zsun264/bmi500-venv/lib/python3.12/site-packages/pandas/core/arrays/categorical.py,823,ordered,4,4,1.1550000000000001e-05,1.304e-05
/home/zsun264/bmi500-venv/lib/python3.12/site-packages/numpy/core/_asarray.py,27,require,1,1,8.889e-06,1.2999e-05
/home/zsun264/bmi500-venv/lib/python3.12/site-packages/numpy/core/arrayprint.py,64,_make_options_dict,1,1,6.8500000000000005e-06,1.2820000000000001e-05
/opt/modules/Python/3.12.13/lib/python3.12/logging/__init__.py,200,_is_internal_frame,6,6,7.91e-06,1.2770000000000001e-05
/home/zsun264/bmi500-venv/lib/python3.12/site-packages/numpy/core/shape_base.py,23,atleast_1d,4,4,8.79e-06,1.2590000000000001e-05
~,0,<method 'pop' of 'dict' objects>,23,23,1.256e-05,1.256e-05
/home/zsun264/bmi500-venv/lib/python3.12/site-packages/pandas/core/indexes/base.py,1678,name,35,35,1.249e-05,1.249e-05
/home/zsun264/bmi500-venv/lib/python3.12/site-packages/pandas/core/indexes/range.py,237,_data,1,1,1.8000000000000001e-06,1.2290000000000001e-05
/home/zsun264/bmi500-venv/lib/python3.12/site-packages/pandas/core/indexes/category.py,189,_engine_type,1,1,4.35e-06,1.2250000000000001e-05
/home/zsun264/bmi500-venv/lib/python3.12/site-packages/numpy/core/multiarray.py,1080,copyto,67,67,1.2179000000000001e-05,1.2179000000000001e-05
/home/zsun264/bmi500-venv/lib/python3.12/site-packages/pandas/core/dtypes/missing.py,466,array_equivalent,1,1,5.92e-06,1.195e-05
/home/zsun264/bmi500-venv/lib/python3.12/site-packages/pandas/_config/config.py,649,_get_deprecated_option,15,15,1.1929e-05,1.1929e-05
/home/zsun264/bmi500-venv/lib/python3.12/site-packages/pandas/core/dtypes/cast.py,1530,construct_1d_arraylike_from_scalar,2,2,6.69e-06,1.1890000000000001e-05
<frozen posixpath>,169,basename,2,2,6.54e-06,1.1170000000000001e-05
/opt/modules/Python/3.12.13/lib/python3.12/contextlib.py,440,__init__,42,42,1.1040000000000001e-05,1.1040000000000001e-05
/home/zsun264/bmi500-venv/lib/python3.12/site-packages/pandas/core/indexes/base.py,1017,view,1,1,2.6700000000000003e-06,1.1039e-05
~,0,<built-in method _weakref._remove_dead_weakref>,25,25,1.1020000000000001e-05,1.1020000000000001e-05
~,0,<method '__enter__' of '_multiprocessing.SemLock' objects>,8,8,1.098e-05,1.098e-05
/home/zsun264/bmi500-venv/lib/python3.12/site-packages/pandas/core/computation/expressions.py,226,evaluate,1,1,1.95e-06,1.097e-05
/home/zsun264/bmi500-venv/lib/python3.12/site-packages/scipy/sparse/_base.py,94,ndim,12,12,8.23e-06,1.092e-05
/home/zsun264/bmi500-venv/lib/python3.12/site-packages/pandas/core/internals/managers.py,1284,_iset_single,1,1,2.81e-06,1.0690000000000001e-05
~,0,<method 'issuperset' of 'frozenset' objects>,19,19,1.056e-05,1.056e-05
<frozen posixpath>,117,splitext,2,2,5.060000000000001e-06,1.0500000000000001e-05
~,0,<method 'lower' of 'str' objects>,29,29,1.036e-05,1.036e-05
/home/zsun264/bmi500-venv/lib/python3.12/site-packages/pandas/core/dtypes/cast.py,1403,np_find_common_type,1,1,9.789e-06,9.929000000000001e-06
/home/zsun264/bmi500-venv/lib/python3.12/site-packages/pandas/core/nanops.py,482,nanany,1,1,1.6600000000000002e-06,9.760000000000001e-06
/home/zsun264/bmi500-venv/lib/python3.12/site-packages/pandas/core/internals/construction.py,585,_ensure_2d,8,8,9.760000000000001e-06,9.760000000000001e-06
/home/zsun264/bmi500-venv/lib/python3.12/site-packages/scipy/sparse/_compressed.py,611,_major_slice,8,8,9.55e-06,9.55e-06
/home/zsun264/bmi500-venv/lib/python3.12/site-packages/pandas/core/internals/blocks.py,2868,extend_blocks,3,3,6.17e-06,9.54e-06
/home/zsun264/bmi500-venv/lib/python3.12/site-packages/pandas/core/dtypes/dtypes.py,401,__eq__,8,8,5.2600000000000005e-06,9.52e-06
/opt/modules/Python/3.12.13/lib/python3.12/functools.py,35,update_wrapper,1,1,4.77e-06,9.49e-06
/home/zsun264/bmi500-venv/lib/python3.12/site-packages/numpy/core/multiarray.py,153,concatenate,59,59,9.4e-06,9.4e-06
/home/zsun264/bmi500-venv/lib/python3.12/site-packages/numpy/lib/function_base.py,5365,_insert_dispatcher,45,45,9.38e-06,9.38e-06
/home/zsun264/bmi500-venv/lib/python3.12/site-packages/pandas/core/indexes/base.py,1183,_maybe_disallow_fill,28,28,9.22e-06,9.22e-06
~,0,<method 'update' of 'dict' objects>,8,8,9.070000000000001e-06,9.070000000000001e-06
/opt/modules/Python/3.12.13/lib/python3.12/logging/__init__.py,968,acquire,4,4,5.8700000000000005e-06,9.04e-06
/opt/modules/Python/3.12.13/lib/python3.12/typing.py,2374,get_args,1,1,3.7600000000000004e-06,9.04e-06
/home/zsun264/bmi500-venv/lib/python3.12/site-packages/pandas/core/computation/expressions.py,67,_evaluate_standard,1,1,1.7800000000000001e-06,9.02e-06
/home/zsun264/bmi500-venv/lib/python3.12/site-packages/pandas/core/internals/managers.py,1959,_block,45,45,9e-06,9e-06
~,0,<method 'all' of 'numpy.ndarray' objects>,1,1,2.52e-06,8.749e-06
/home/zsun264/bmi500-venv/lib/python3.12/site-packages/pandas/core/base.py,367,ndim,66,66,8.740000000000001e-06,8.740000000000001e-06
/home/zsun264/bmi500-venv/lib/python3.12/site-packages/pandas/core/series.py,917,__len__,1,1,4.5000000000000003e-07,8.69e-06
/home/zsun264/bmi500-venv/lib/python3.12/site-packages/numpy/core/numeric.py,1389,_moveaxis_dispatcher,45,45,8.67e-06,8.67e-06
~,0,<built-in method builtins.min>,12,12,8.64e-06,8.64e-06
/opt/modules/Python/3.12.13/lib/python3.12/pathlib.py,1164,__new__,8,8,5.57e-06,8.6e-06
~,0,<built-in method _thread.allocate_lock>,24,24,8.48e-06,8.48e-06
<frozen importlib._bootstrap>,599,__init__,24,24,8.479000000000001e-06,8.479000000000001e-06
~,0,<built-in method numpy.seterrobj>,8,8,8.370000000000001e-06,8.370000000000001e-06
/home/zsun264/bmi500-venv/lib/python3.12/site-packages/scipy/sparse/_data.py,24,dtype,16,16,8.32e-06,8.32e-06
/opt/modules/Python/3.12.13/lib/python3.12/copy.py,172,_deepcopy_atomic,72,72,8.3e-06,8.3e-06
/home/zsun264/bmi500-venv/lib/python3.12/site-packages/numpy/core/multiarray.py,421,lexsort,4,4,5.330000000000001e-06,8.12e-06
~,0,<built-in method _imp._fix_co_filename>,23,23,7.71e-06,7.71e-06
/home/zsun264/bmi500-venv/lib/python3.12/site-packages/scanpy/_utils/__init__.py,1098,raise_not_implemented_error_if_backed_type,1,1,1.5300000000000002e-06,7.7e-06
/home/zsun264/bmi500-venv/lib/python3.12/site-packages/pandas/core/internals/blocks.py,221,_can_consolidate,20,20,7.690000000000001e-06,7.690000000000001e-06
~,0,<built-in method builtins.locals>,2,2,7.660000000000001e-06,7.660000000000001e-06
/home/zsun264/bmi500-venv/lib/python3.12/site-packages/pandas/core/dtypes/dtypes.py,619,categories,60,60,7.5600000000000005e-06,7.5600000000000005e-06
/home/zsun264/bmi500-venv/lib/python3.12/site-packages/pandas/core/indexing.py,1252,_is_scalar_access,1,1,6.549e-06,7.489000000000001e-06
/opt/modules/Python/3.12.13/lib/python3.12/copy.py,231,_keep_alive,4,4,5.74e-06,7.42e-06
<frozen posixpath>,138,splitroot,4,4,5.89e-06,7.4e-06
/home/zsun264/bmi500-venv/lib/python3.12/site-packages/pandas/core/internals/managers.py,2265,_stack_arrays,1,1,5.84e-06,7.3800000000000005e-06
/home/zsun264/bmi500-venv/lib/python3.12/site-packages/anndata/_core/anndata.py,867,uns,9,9,5.53e-06,7.33e-06
/home/zsun264/bmi500-venv/lib/python3.12/site-packages/scipy/sparse/_base.py,385,format,12,12,7.260000000000001e-06,7.260000000000001e-06
~,0,<built-in method _operator.lt>,1,1,7.24e-06,7.24e-06
/home/zsun264/bmi500-venv/lib/python3.12/site-packages/numpy/core/fromnumeric.py,2317,_any_dispatcher,21,21,7.22e-06,7.22e-06
<frozen importlib._bootstrap_external>,1577,<genexpr>,40,40,7.1200000000000004e-06,7.1200000000000004e-06
/home/zsun264/bmi500-venv/lib/python3.12/site-packages/pandas/core/dtypes/dtypes.py,1305,construct_from_string,1,1,5.01e-06,7.05e-06
/home/zsun264/bmi500-venv/lib/python3.12/site-packages/pandas/core/indexes/base.py,4003,_check_indexing_method,2,2,3.86e-06,7.0200000000000006e-06
/home/zsun264/bmi500-venv/lib/python3.12/site-packages/pandas/core/frame.py,4634,_clear_item_cache,7,7,4.800000000000001e-06,6.990000000000001e-06
/home/zsun264/bmi500-venv/lib/python3.12/site-packages/pandas/core/internals/construction.py,196,mgr_to_mgr,9,9,5.65e-06,6.97e-06
/home/zsun264/bmi500-venv/lib/python3.12/site-packages/pandas/core/indexes/base.py,2801,_na_value,3,3,4.79e-06,6.920000000000001e-06
/home/zsun264/bmi500-venv/lib/python3.12/site-packages/pandas/core/dtypes/common.py,133,<lambda>,9,9,4.5500000000000005e-06,6.830000000000001e-06
/home/zsun264/bmi500-venv/lib/python3.12/site-packages/numpy/core/fromnumeric.py,1764,_ravel_dispatcher,38,38,6.830000000000001e-06,6.830000000000001e-06
/home/zsun264/bmi500-venv/lib/python3.12/site-packages/numpy/core/fromnumeric.py,2836,min,1,1,1.5800000000000001e-06,6.820000000000001e-06
/home/zsun264/bmi500-venv/lib/python3.12/site-packages/pandas/core/arrays/categorical.py,1592,_validate_scalar,1,1,1.83e-06,6.71e-06
/opt/modules/Python/3.12.13/lib/python3.12/logging/__init__.py,668,usesTime,2,2,2.29e-06,6.68e-06
/home/zsun264/bmi500-venv/lib/python3.12/site-packages/pandas/core/arrays/categorical.py,3003,recode_for_categories,1,1,3.6690000000000004e-06,6.6190000000000005e-06
/home/zsun264/bmi500-venv/lib/python3.12/site-packages/numpy/core/arrayprint.py,403,_get_formatdict,1,1,6.53e-06,6.53e-06
/home/zsun264/bmi500-venv/lib/python3.12/site-packages/pandas/core/base.py,167,__setattr__,3,3,5.39e-06,6.53e-06
/home/zsun264/bmi500-venv/lib/python3.12/site-packages/pandas/core/dtypes/dtypes.py,831,construct_from_string,1,1,4.7300000000000005e-06,6.480000000000001e-06
/opt/modules/Python/3.12.13/lib/python3.12/pathlib.py,429,_format_parsed_parts,4,4,3.9e-06,6.45e-06
<frozen _collections_abc>,469,__new__,1,1,4.6e-06,6.45e-06
/home/zsun264/bmi500-venv/lib/python3.12/site-packages/pandas/core/dtypes/dtypes.py,1054,construct_from_string,1,1,4.69e-06,6.4000000000000006e-06
/home/zsun264/bmi500-venv/lib/python3.12/site-packages/numpy/lib/function_base.py,5559,_append_dispatcher,38,38,6.37e-06,6.37e-06
/home/zsun264/bmi500-venv/lib/python3.12/site-packages/pandas/core/generic.py,4017,_maybe_update_cacher,1,1,3.920000000000001e-06,6.290000000000001e-06
/home/zsun264/bmi500-venv/lib/python3.12/site-packages/numpy/core/_methods.py,61,_all,1,1,8.4e-07,6.229e-06
/home/zsun264/bmi500-venv/lib/python3.12/site-packages/numpy/core/arrayprint.py,739,_extendLine,4,4,4.270000000000001e-06,6.200000000000001e-06
/home/zsun264/bmi500-venv/lib/python3.12/site-packages/scanpy/_utils/__init__.py,1094,is_backed_type,1,1,9.7e-07,6.17e-06
/home/zsun264/bmi500-venv/lib/python3.12/site-packages/pandas/core/internals/base.py,74,__len__,1,1,1.28e-06,6.110000000000001e-06
/home/zsun264/bmi500-venv/lib/python3.12/site-packages/numpy/core/_internal.py,920,npy_ctypes_check,5,5,6.1e-06,6.1e-06
/home/zsun264/bmi500-venv/lib/python3.12/site-packages/pandas/core/internals/managers.py,241,is_single_block,9,9,4.7200000000000005e-06,6.0600000000000004e-06
~,0,<built-in method _asyncio.current_task>,2,2,5.9600000000000005e-06,5.9600000000000005e-06
/home/zsun264/bmi500-venv/lib/python3.12/site-packages/pandas/core/dtypes/common.py,128,_classes_and_not_datetimelike,9,9,5.929e-06,5.929e-06
/home/zsun264/bmi500-venv/lib/python3.12/site-packages/numpy/core/arrayprint.py,1231,__call__,4,4,5.7900000000000005e-06,5.7900000000000005e-06
/home/zsun264/bmi500-venv/lib/python3.12/site-packages/anndata/_core/raw.py,110,var_names,1,1,4.96e-06,5.7800000000000006e-06
/home/zsun264/bmi500-venv/lib/python3.12/site-packages/statsmodels/iolib/table.py,146,SimpleTable,1,1,5.760000000000001e-06,5.760000000000001e-06
/home/zsun264/bmi500-venv/lib/python3.12/site-packages/scipy/sparse/_sputils.py,477,<genexpr>,36,36,5.760000000000001e-06,5.760000000000001e-06
/home/zsun264/bmi500-venv/lib/python3.12/site-packages/pandas/core/dtypes/missing.py,564,_array_equivalent_object,1,1,5.690000000000001e-06,5.690000000000001e-06
/home/zsun264/bmi500-venv/lib/python3.12/site-packages/pandas/core/indexes/range.py,483,_view,1,1,3.1600000000000002e-06,5.690000000000001e-06
/opt/modules/Python/3.12.13/lib/python3.12/contextlib.py,443,__enter__,42,42,5.670000000000001e-06,5.670000000000001e-06
/home/zsun264/bmi500-venv/lib/python3.12/site-packages/numpy/core/multiarray.py,503,can_cast,40,40,5.63e-06,5.63e-06
/home/zsun264/bmi500-venv/lib/python3.12/site-packages/numpy/core/multiarray.py,1131,putmask,4,4,5.62e-06,5.62e-06
/opt/modules/Python/3.12.13/lib/python3.12/platform.py,1017,machine,1,1,5.21e-06,5.58e-06
~,0,<built-in method numpy.core._multiarray_umath.count_nonzero>,4,4,5.58e-06,5.58e-06
/home/zsun264/bmi500-venv/lib/python3.12/site-packages/pandas/core/indexes/base.py,981,dtype,16,16,5.21e-06,5.55e-06
~,0,<built-in method sys.getrefcount>,21,21,5.53e-06,5.53e-06
/home/zsun264/bmi500-venv/lib/python3.12/site-packages/numpy/core/fromnumeric.py,3176,ndim,16,16,5.4300000000000005e-06,5.4300000000000005e-06
/home/zsun264/bmi500-venv/lib/python3.12/site-packages/pandas/core/dtypes/dtypes.py,531,validate_ordered,12,12,5.410000000000001e-06,5.410000000000001e-06
/home/zsun264/bmi500-venv/lib/python3.12/site-packages/numpy/core/_dtype.py,24,_kind_name,16,16,5.36e-06,5.36e-06
/home/zsun264/bmi500-venv/lib/python3.12/site-packages/statsmodels/tools/rng_qrng.py,1,<module>,1,1,3.3800000000000002e-06,5.3400000000000005e-06
/home/zsun264/bmi500-venv/lib/python3.12/site-packages/statsmodels/iolib/table.py,931,Cell,1,1,5.31e-06,5.31e-06
~,0,<method 'acquire' of '_thread.RLock' objects>,5,5,5.31e-06,5.31e-06
<frozen importlib._bootstrap>,412,__init__,25,25,5.13e-06,5.13e-06
~,0,<method '__exit__' of '_multiprocessing.SemLock' objects>,8,8,5.11e-06,5.11e-06
/opt/modules/Python/3.12.13/lib/python3.12/logging/__init__.py,975,release,4,4,3.52e-06,5.04e-06
/home/zsun264/bmi500-venv/lib/python3.12/site-packages/pandas/core/indexes/base.py,6324,_index_as_unique,5,5,4.48e-06,4.93e-06
<frozen posixpath>,52,normcase,6,6,3.7300000000000003e-06,4.86e-06
/opt/modules/Python/3.12.13/lib/python3.12/logging/__init__.py,170,<lambda>,2,2,2.92e-06,4.68e-06
<frozen genericpath>,133,_splitext,2,2,3.04e-06,4.65e-06
/home/zsun264/bmi500-venv/lib/python3.12/site-packages/numpy/lib/stride_tricks.py,542,<genexpr>,12,12,4.6300000000000006e-06,4.6300000000000006e-06
/home/zsun264/bmi500-venv/lib/python3.12/site-packages/numpy/core/fromnumeric.py,2508,_cumsum_dispatcher,20,20,4.52e-06,4.52e-06
/home/zsun264/bmi500-venv/lib/python3.12/site-packages/anndata/_core/anndata.py,821,obs,24,24,4.51e-06,4.51e-06
/home/zsun264/bmi500-venv/lib/python3.12/site-packages/pandas/errors/__init__.py,535,_check_cacher,1,1,7.200000000000001e-07,4.49e-06
/home/zsun264/bmi500-venv/lib/python3.12/site-packages/pandas/core/ops/common.py,81,get_op_result_name,1,1,1.12e-06,4.4600000000000005e-06
<frozen importlib._bootstrap_external>,1157,__init__,23,23,4.4600000000000005e-06,4.4600000000000005e-06
/home/zsun264/bmi500-venv/lib/python3.12/site-packages/pandas/core/common.py,195,any_not_none,1,1,1.3100000000000002e-06,4.41e-06
/home/zsun264/bmi500-venv/lib/python3.12/site-packages/pandas/core/indexes/range.py,315,step,20,20,4.4e-06,4.4e-06
/opt/modules/Python/3.12.13/lib/python3.12/logging/__init__.py,447,usesTime,2,2,3.12e-06,4.39e-06
/home/zsun264/bmi500-venv/lib/python3.12/site-packages/pandas/core/indexes/base.py,2227,_can_hold_na,3,3,3.53e-06,4.32e-06
/opt/modules/Python/3.12.13/lib/python3.12/functools.py,744,is_related,4,4,2.29e-06,4.270000000000001e-06
/home/zsun264/bmi500-venv/lib/python3.12/site-packages/numpy/core/multiarray.py,892,bincount,20,20,4.24e-06,4.24e-06
~,0,<built-in method numpy.geterrobj>,16,16,4.2000000000000004e-06,4.2000000000000004e-06
/home/zsun264/bmi500-venv/lib/python3.12/site-packages/statsmodels/tools/validation/validation.py,425,string_like,4,4,3.3700000000000003e-06,4.1900000000000005e-06
/home/zsun264/bmi500-venv/lib/python3.12/site-packages/pandas/core/dtypes/dtypes.py,2228,construct_from_string,1,1,3.04e-06,4.16e-06
<frozen importlib._bootstrap>,158,__init__,25,25,4.090000000000001e-06,4.090000000000001e-06
/home/zsun264/bmi500-venv/lib/python3.12/site-packages/pandas/core/arrays/categorical.py,2163,_codes,15,15,4.04e-06,4.04e-06
/home/zsun264/bmi500-venv/lib/python3.12/site-packages/pandas/core/indexes/base.py,7789,_unpack_nested_dtype,2,2,2.669e-06,3.939e-06
<frozen importlib._bootstrap_external>,71,_relax_case,28,28,3.9e-06,3.9e-06
/opt/modules/Python/3.12.13/lib/python3.12/logging/__init__.py,234,_acquireLock,1,1,1.74e-06,3.88e-06
/home/zsun264/bmi500-venv/lib/python3.12/site-packages/pandas/core/nanops.py,187,_get_fill_value,16,16,3.87e-06,3.87e-06
/home/zsun264/bmi500-venv/lib/python3.12/site-packages/scipy/stats/_distn_infrastructure.py,1017,_get_support,8,8,3.74e-06,3.74e-06
/home/zsun264/bmi500-venv/lib/python3.12/site-packages/statsmodels/iolib/summary2.py,16,Summary,1,1,3.7200000000000004e-06,3.7200000000000004e-06
/home/zsun264/bmi500-venv/lib/python3.12/site-packages/pandas/core/ops/dispatch.py,17,should_extension_dispatch,1,1,1.2390000000000001e-06,3.7090000000000004e-06
/opt/modules/Python/3.12.13/lib/python3.12/enum.py,1286,name,4,4,3.62e-06,3.62e-06
/home/zsun264/bmi500-venv/lib/python3.12/site-packages/numpy/core/fromnumeric.py,1021,_argsort_dispatcher,16,16,3.5900000000000004e-06,3.5900000000000004e-06
~,0,<built-in method sys._getframe>,6,6,3.5500000000000003e-06,3.5500000000000003e-06
~,0,<built-in method posix.getpid>,2,2,3.5000000000000004e-06,3.5000000000000004e-06
/home/zsun264/bmi500-venv/lib/python3.12/site-packages/pandas/core/frame.py,659,_constructor,4,4,3.49e-06,3.49e-06
<frozen importlib._bootstrap_external>,1182,get_filename,23,23,3.3700000000000003e-06,3.3700000000000003e-06
/home/zsun264/bmi500-venv/lib/python3.12/site-packages/pandas/core/indexing.py,306,loc,3,3,3.35e-06,3.35e-06
/home/zsun264/bmi500-venv/lib/python3.12/site-packages/anndata/_core/raw.py,63,X,1,1,1.37e-06,3.34e-06
/home/zsun264/bmi500-venv/lib/python3.12/site-packages/pandas/core/indexes/range.py,280,start,18,18,3.2900000000000003e-06,3.2900000000000003e-06
/home/zsun264/bmi500-venv/lib/python3.12/site-packages/pandas/core/dtypes/common.py,688,<lambda>,6,6,1.9600000000000003e-06,3.2400000000000003e-06
/home/zsun264/bmi500-venv/lib/python3.12/site-packages/numpy/core/fromnumeric.py,3172,_ndim_dispatcher,16,16,3.2000000000000003e-06,3.2000000000000003e-06
<frozen importlib._bootstrap>,653,has_location,23,23,3.13e-06,3.13e-06
/home/zsun264/bmi500-venv/lib/python3.12/site-packages/pandas/core/dtypes/dtypes.py,1835,construct_from_string,1,1,2.4500000000000003e-06,3.1100000000000003e-06
<frozen importlib._bootstrap_external>,990,create_module,23,23,3.0700000000000003e-06,3.0700000000000003e-06
/home/zsun264/bmi500-venv/lib/python3.12/site-packages/pandas/core/common.py,301,maybe_iterable_to_list,1,1,9.100000000000001e-07,3.05e-06
/home/zsun264/bmi500-venv/lib/python3.12/site-packages/pandas/core/common.py,520,convert_to_list_like,2,2,2.48e-06,2.95e-06
/home/zsun264/bmi500-venv/lib/python3.12/site-packages/numpy/core/multiarray.py,85,empty_like,16,16,2.92e-06,2.92e-06
~,0,<built-in method numpy.promote_types>,4,4,2.87e-06,2.87e-06
/home/zsun264/bmi500-venv/lib/python3.12/site-packages/pandas/core/dtypes/common.py,994,is_numeric_v_string_like,1,1,2.2300000000000002e-06,2.86e-06
/home/zsun264/bmi500-venv/lib/python3.12/site-packages/pandas/core/dtypes/common.py,1279,is_extension_array_dtype,1,1,1.34e-06,2.86e-06
/opt/modules/Python/3.12.13/lib/python3.12/threading.py,1485,current_thread,2,2,2.47e-06,2.8400000000000003e-06
/home/zsun264/bmi500-venv/lib/python3.12/site-packages/pandas/core/indexes/base.py,5098,values,1,1,2.4400000000000004e-06,2.83e-06
/home/zsun264/bmi500-venv/lib/python3.12/site-packages/pandas/core/indexes/base.py,1772,_get_names,2,2,2.29e-06,2.8000000000000003e-06
/home/zsun264/bmi500-venv/lib/python3.12/site-packages/pandas/core/dtypes/cast.py,1780,np_can_hold_element,8,8,2.78e-06,2.78e-06
/home/zsun264/bmi500-venv/lib/python3.12/site-packages/pandas/core/indexing.py,1227,_validate_key,1,1,1.2990000000000002e-06,2.769e-06
/home/zsun264/bmi500-venv/lib/python3.12/site-packages/pandas/core/arrays/categorical.py,2945,_validate,1,1,1.6200000000000002e-06,2.7600000000000003e-06
/home/zsun264/bmi500-venv/lib/python3.12/site-packages/numpy/core/fromnumeric.py,1980,shape,4,4,2.7e-06,2.7e-06
/home/zsun264/bmi500-venv/lib/python3.12/site-packages/pandas/core/indexes/multi.py,596,<genexpr>,2,2,2.46e-06,2.69e-06
/home/zsun264/bmi500-venv/lib/python3.12/site-packages/pandas/core/indexing.py,2639,_tuplify,1,1,2.61e-06,2.61e-06
/home/zsun264/bmi500-venv/lib/python3.12/site-packages/pandas/core/indexes/base.py,1693,name,1,1,1.68e-06,2.61e-06
/home/zsun264/bmi500-venv/lib/python3.12/site-packages/statsmodels/tools/docstring_helpers.py,16,Appender,1,1,2.57e-06,2.57e-06
/opt/modules/Python/3.12.13/lib/python3.12/typing.py,166,_type_convert,3,3,1.19e-06,2.5300000000000003e-06
/home/zsun264/bmi500-venv/lib/python3.12/site-packages/numpy/lib/function_base.py,1913,_place_dispatcher,12,12,2.4400000000000004e-06,2.4400000000000004e-06
/home/zsun264/bmi500-venv/lib/python3.12/site-packages/pandas/core/dtypes/base.py,149,__ne__,1,1,1.24e-06,2.4100000000000002e-06
/home/zsun264/bmi500-venv/lib/python3.12/site-packages/pandas/core/internals/blocks.py,261,_standardize_fill_value,1,1,1.98e-06,2.35e-06
~,0,<method 'index' of 'list' objects>,2,2,2.34e-06,2.34e-06
/home/zsun264/bmi500-venv/lib/python3.12/site-packages/pandas/core/indexing.py,677,iat,2,2,2.3e-06,2.3e-06
~,0,<method 'flush' of '_io.TextIOWrapper' objects>,2,2,2.29e-06,2.29e-06
/home/zsun264/bmi500-venv/lib/python3.12/site-packages/statsmodels/iolib/table.py,711,Row,1,1,2.24e-06,2.24e-06
/opt/modules/Python/3.12.13/lib/python3.12/logging/__init__.py,831,filter,4,4,2.24e-06,2.24e-06
/home/zsun264/bmi500-venv/lib/python3.12/site-packages/pandas/core/series.py,1232,_get_value,1,1,1.3800000000000001e-06,2.2300000000000002e-06
/home/zsun264/bmi500-venv/lib/python3.12/site-packages/scipy/stats/_distn_infrastructure.py,1005,_argcheck,4,4,2.21e-06,2.21e-06
/home/zsun264/bmi500-venv/lib/python3.12/site-packages/pandas/core/arrays/string_.py,236,construct_from_string,1,1,2.0900000000000003e-06,2.2e-06
/home/zsun264/bmi500-venv/lib/python3.12/site-packages/pandas/core/dtypes/dtypes.py,342,construct_from_string,1,1,1.8800000000000002e-06,2.19e-06
/home/zsun264/bmi500-venv/lib/python3.12/site-packages/pandas/core/indexing.py,2610,_convert_key,2,2,2.16e-06,2.16e-06
/opt/modules/Python/3.12.13/lib/python3.12/logging/__init__.py,383,getMessage,2,2,2.0900000000000003e-06,2.0900000000000003e-06
/home/zsun264/bmi500-venv/lib/python3.12/site-packages/pandas/core/indexes/base.py,4443,_wrap_reindex_result,1,1,1.85e-06,2.02e-06
/home/zsun264/bmi500-venv/lib/python3.12/site-packages/pandas/core/dtypes/dtypes.py,632,ordered,15,15,2.0000000000000003e-06,2.0000000000000003e-06
/home/zsun264/bmi500-venv/lib/python3.12/site-packages/anndata/_core/anndata.py,1008,is_view,10,10,1.98e-06,1.98e-06
/home/zsun264/bmi500-venv/lib/python3.12/site-packages/anndata/_core/anndata.py,1003,isbacked,1,1,8.8e-07,1.97e-06
~,0,<method 'release' of '_thread.RLock' objects>,5,5,1.9200000000000003e-06,1.9200000000000003e-06
~,0,<method 'fill' of 'numpy.ndarray' objects>,1,1,1.8400000000000002e-06,1.8400000000000002e-06
<frozen posixpath>,41,_get_sep,2,2,1.03e-06,1.8400000000000002e-06
~,0,<method 'splitlines' of 'str' objects>,4,4,1.76e-06,1.76e-06
<frozen _collections_abc>,341,__subclasshook__,12,12,1.76e-06,1.76e-06
/home/zsun264/bmi500-venv/lib/python3.12/site-packages/numpy/core/records.py,576,_deprecate_shape_0_as_None,5,5,1.74e-06,1.74e-06
/home/zsun264/bmi500-venv/lib/python3.12/site-packages/statsmodels/iolib/openfile.py,7,EmptyContextManager,1,1,1.72e-06,1.72e-06
~,0,<method 'total_seconds' of 'datetime.timedelta' objects>,1,1,1.6600000000000002e-06,1.6600000000000002e-06
/home/zsun264/bmi500-venv/lib/python3.12/site-packages/pandas/core/internals/managers.py,2196,_grouping_func,1,1,1.02e-06,1.65e-06
/opt/modules/Python/3.12.13/lib/python3.12/functools.py,65,wraps,1,1,1.61e-06,1.61e-06
/home/zsun264/bmi500-venv/lib/python3.12/site-packages/pandas/core/indexers/utils.py,123,check_setitem_lengths,1,1,1.03e-06,1.6000000000000001e-06
~,0,<method 'match' of 're.Pattern' objects>,1,1,1.6000000000000001e-06,1.6000000000000001e-06
~,0,<method 'isidentifier' of 'str' objects>,3,3,1.59e-06,1.59e-06
/home/zsun264/bmi500-venv/lib/python3.12/site-packages/statsmodels/stats/_knockoff.py,32,RegressionFDR,1,1,1.5800000000000001e-06,1.5800000000000001e-06
/home/zsun264/bmi500-venv/lib/python3.12/site-packages/statsmodels/tools/docstring_helpers.py,67,Substitution,1,1,1.54e-06,1.54e-06
/home/zsun264/bmi500-venv/lib/python3.12/site-packages/pandas/core/indexes/range.py,553,equals,2,2,1.28e-06,1.54e-06
/opt/modules/Python/3.12.13/lib/python3.12/weakref.py,414,__getitem__,1,1,1.54e-06,1.54e-06
/home/zsun264/bmi500-venv/lib/python3.12/site-packages/statsmodels/iolib/smpickle.py,23,_CompatUnpickler,1,1,1.4400000000000002e-06,1.4400000000000002e-06
/opt/modules/Python/3.12.13/lib/python3.12/multiprocessing/process.py,37,current_process,2,2,1.4400000000000002e-06,1.4400000000000002e-06
/opt/modules/Python/3.12.13/lib/python3.12/typing.py,213,_should_unflatten_callable_args,1,1,1.3800000000000001e-06,1.3800000000000001e-06
/home/zsun264/bmi500-venv/lib/python3.12/site-packages/pandas/core/indexes/range.py,231,_constructor,4,4,1.37e-06,1.37e-06
/home/zsun264/bmi500-venv/lib/python3.12/site-packages/pandas/core/indexes/base.py,7718,ensure_has_len,1,1,4.7000000000000005e-07,1.37e-06
~,0,<method 'add' of 'set' objects>,3,3,1.37e-06,1.37e-06
/home/zsun264/bmi500-venv/lib/python3.12/site-packages/numpy/core/fromnumeric.py,1976,_shape_dispatcher,4,4,1.3600000000000001e-06,1.3600000000000001e-06
/home/zsun264/bmi500-venv/lib/python3.12/site-packages/scanpy/_settings.py,160,verbosity,4,4,1.35e-06,1.35e-06
~,0,<method 'search' of 're.Pattern' objects>,1,1,1.32e-06,1.32e-06
/home/zsun264/bmi500-venv/lib/python3.12/site-packages/numpy/core/_ufunc_config.py,426,__init__,4,4,1.28e-06,1.28e-06
~,0,<method 'find' of 'str' objects>,2,2,1.2700000000000001e-06,1.2700000000000001e-06
/home/zsun264/bmi500-venv/lib/python3.12/site-packages/statsmodels/stats/multitest.py,856,NullDistribution,1,1,1.25e-06,1.25e-06
/home/zsun264/bmi500-venv/lib/python3.12/site-packages/pandas/core/indexes/base.py,4313,_validate_can_reindex,1,1,6.2e-07,1.25e-06
~,0,<built-in method math.floor>,1,1,1.24e-06,1.24e-06
/home/zsun264/bmi500-venv/lib/python3.12/site-packages/numpy/core/numeric.py,411,_count_nonzero_dispatcher,5,5,1.23e-06,1.23e-06
/opt/modules/Python/3.12.13/lib/python3.12/logging/__init__.py,243,_releaseLock,1,1,7.8e-07,1.1800000000000001e-06
/home/zsun264/bmi500-venv/lib/python3.12/site-packages/pandas/core/series.py,1492,_clear_item_cache,9,9,1.1800000000000001e-06,1.1800000000000001e-06
/home/zsun264/bmi500-venv/lib/python3.12/site-packages/pandas/core/dtypes/base.py,152,na_value,2,2,1.1800000000000001e-06,1.1800000000000001e-06
~,0,<method 'discard' of 'set' objects>,1,1,1.1600000000000001e-06,1.1600000000000001e-06
/home/zsun264/bmi500-venv/lib/python3.12/site-packages/pandas/core/indexes/base.py,693,_constructor,3,3,1.15e-06,1.15e-06
/home/zsun264/bmi500-venv/lib/python3.12/site-packages/statsmodels/stats/multitest.py,444,LocalFDRCorrectionResult,1,1,1.1490000000000001e-06,1.1490000000000001e-06
/opt/modules/Python/3.12.13/lib/python3.12/pathlib.py,437,__str__,4,4,1.13e-06,1.13e-06
/home/zsun264/bmi500-venv/lib/python3.12/site-packages/statsmodels/tools/_test_runner.py,6,PytestTester,1,1,1.12e-06,1.12e-06
/home/zsun264/bmi500-venv/lib/python3.12/site-packages/anndata/_core/anndata.py,1013,filename,1,1,8.200000000000001e-07,1.0900000000000002e-06
/home/zsun264/bmi500-venv/lib/python3.12/site-packages/pandas/core/ops/missing.py,131,dispatch_fill_zeros,1,1,1.0700000000000001e-06,1.0700000000000001e-06
/home/zsun264/bmi500-venv/lib/python3.12/site-packages/six.py,194,find_spec,1,1,1.0700000000000001e-06,1.0700000000000001e-06
/home/zsun264/bmi500-venv/lib/python3.12/site-packages/numpy/core/fromnumeric.py,2416,_all_dispatcher,4,4,1.0700000000000001e-06,1.0700000000000001e-06
/home/zsun264/bmi500-venv/lib/python3.12/site-packages/statsmodels/tools/validation/validation.py,184,PandasWrapper,1,1,1.0500000000000001e-06,1.0500000000000001e-06
/opt/modules/Python/3.12.13/lib/python3.12/weakref.py,427,__setitem__,1,1,1.0500000000000001e-06,1.0500000000000001e-06
<string>,2,_parse_args,4,4,1.03e-06,1.03e-06
~,0,<built-in method time.time>,2,2,1.03e-06,1.03e-06
/home/zsun264/bmi500-venv/lib/python3.12/site-packages/pandas/core/base.py,160,_freeze,1,1,1.02e-06,1.02e-06
~,0,<method 'count' of 'list' objects>,2,2,1.01e-06,1.01e-06
~,0,<method 'upper' of 'str' objects>,1,1,1.01e-06,1.01e-06
/home/zsun264/bmi500-venv/lib/python3.12/site-packages/numpy/core/fromnumeric.py,1877,_nonzero_dispatcher,5,5,9.800000000000001e-07,9.800000000000001e-07
~,0,<method '__contains__' of 'frozenset' objects>,3,3,9.800000000000001e-07,9.800000000000001e-07
/home/zsun264/bmi500-venv/lib/python3.12/site-packages/numpy/core/fromnumeric.py,91,_take_dispatcher,4,4,9.7e-07,9.7e-07
/home/zsun264/bmi500-venv/lib/python3.12/site-packages/statsmodels/tools/tools.py,420,Bunch,1,1,9.100000000000001e-07,9.100000000000001e-07
~,0,<method 'copy' of 'dict' objects>,1,1,9.100000000000001e-07,9.100000000000001e-07
/home/zsun264/bmi500-venv/lib/python3.12/site-packages/numpy/core/fromnumeric.py,775,_argpartition_dispatcher,4,4,8.8e-07,8.8e-07
/opt/modules/Python/3.12.13/lib/python3.12/multiprocessing/process.py,189,name,2,2,8.7e-07,8.7e-07
/home/zsun264/bmi500-venv/lib/python3.12/site-packages/pandas/core/internals/managers.py,1847,ndim,6,6,8.6e-07,8.6e-07
/home/zsun264/bmi500-venv/lib/python3.12/site-packages/pandas/core/dtypes/common.py,1124,<lambda>,1,1,6.7e-07,8.5e-07
/opt/modules/Python/3.12.13/lib/python3.12/collections/__init__.py,429,<genexpr>,3,3,8.5e-07,8.5e-07
/home/zsun264/bmi500-venv/lib/python3.12/site-packages/anndata/_core/raw.py,94,var,1,1,8.200000000000001e-07,8.200000000000001e-07
/opt/modules/Python/3.12.13/lib/python3.12/pathlib.py,560,root,4,4,8.200000000000001e-07,8.200000000000001e-07
~,0,<method 'tolist' of 'numpy.ndarray' objects>,1,1,8.000000000000001e-07,8.000000000000001e-07
/home/zsun264/bmi500-venv/lib/python3.12/site-packages/pandas/core/indexes/category.py,275,equals,1,1,6.3e-07,7.900000000000001e-07
/home/zsun264/bmi500-venv/lib/python3.12/site-packages/pandas/core/common.py,199,<genexpr>,4,4,7.4e-07,7.4e-07
/opt/modules/Python/3.12.13/lib/python3.12/pathlib.py,569,_tail,4,4,7.3e-07,7.3e-07
/opt/modules/Python/3.12.13/lib/python3.12/logging/__init__.py,1776,getEffectiveLevel,1,1,6.900000000000001e-07,6.900000000000001e-07
/home/zsun264/bmi500-venv/lib/python3.12/site-packages/anndata/_core/anndata.py,710,raw,3,3,6.800000000000001e-07,6.800000000000001e-07
/home/zsun264/bmi500-venv/lib/python3.12/site-packages/scipy/sparse/_csc.py,36,tocsc,4,4,6.100000000000001e-07,6.100000000000001e-07
/home/zsun264/bmi500-venv/lib/python3.12/site-packages/numpy/lib/stride_tricks.py,476,_broadcast_arrays_dispatcher,4,4,6.100000000000001e-07,6.100000000000001e-07
~,0,<method 'keys' of 'dict' objects>,1,1,6.100000000000001e-07,6.100000000000001e-07
<string>,1,<module>,1,1,5.800000000000001e-07,5.800000000000001e-07
/home/zsun264/bmi500-venv/lib/python3.12/site-packages/pandas/core/indexes/range.py,401,inferred_type,4,4,5.4e-07,5.4e-07
/home/zsun264/bmi500-venv/lib/python3.12/site-packages/pandas/core/series.py,663,_constructor,3,3,5.2e-07,5.2e-07
/home/zsun264/bmi500-venv/lib/python3.12/site-packages/pandas/core/missing.py,1073,clean_reindex_fill_method,2,2,5.2e-07,5.2e-07
/home/zsun264/bmi500-venv/lib/python3.12/site-packages/numpy/core/shape_base.py,19,_atleast_1d_dispatcher,4,4,5.000000000000001e-07,5.000000000000001e-07
/opt/modules/Python/3.12.13/lib/python3.12/typing.py,2880,_namedtuple_mro_entries,1,1,4.900000000000001e-07,4.900000000000001e-07
/home/zsun264/bmi500-venv/lib/python3.12/site-packages/pandas/core/indexes/range.py,380,is_unique,3,3,4.5000000000000003e-07,4.5000000000000003e-07
/opt/modules/Python/3.12.13/lib/python3.12/typing.py,2820,<genexpr>,2,2,4.5000000000000003e-07,4.5000000000000003e-07
/home/zsun264/bmi500-venv/lib/python3.12/site-packages/anndata/_core/anndata.py,844,var,1,1,3.9e-07,3.9e-07
/opt/modules/Python/3.12.13/lib/python3.12/platform.py,891,uname,1,1,3.7e-07,3.7e-07
/home/zsun264/bmi500-venv/lib/python3.12/site-packages/pandas/core/indexes/extension.py,167,_get_engine_target,1,1,3.4000000000000003e-07,3.4000000000000003e-07
/opt/modules/Python/3.12.13/lib/python3.12/logging/__init__.py,1369,disable,1,1,3.3e-07,3.3e-07
/home/zsun264/bmi500-venv/lib/python3.12/site-packages/pandas/core/indexes/range.py,298,stop,2,2,2.9000000000000003e-07,2.9000000000000003e-07
/home/zsun264/bmi500-venv/lib/python3.12/site-packages/anndata/_core/file_backing.py,62,filename,1,1,2.7e-07,2.7e-07
/home/zsun264/bmi500-venv/lib/python3.12/site-packages/pandas/core/internals/base.py,323,_consolidate_inplace,1,1,2.6e-07,2.6e-07
/home/zsun264/bmi500-venv/lib/python3.12/site-packages/_distutils_hack/__init__.py,108,<lambda>,1,1,2.3000000000000002e-07,2.3000000000000002e-07
/home/zsun264/bmi500-venv/lib/python3.12/site-packages/pandas/core/dtypes/dtypes.py,231,_from_categorical_dtype,1,1,2.2e-07,2.2e-07
/home/zsun264/bmi500-venv/lib/python3.12/site-packages/pandas/core/internals/blocks.py,831,_maybe_copy,1,1,2.0000000000000002e-07,2.0000000000000002e-07
<frozen _collections_abc>,511,_is_param_expr,1,1,1.9e-07,1.9e-07
/home/zsun264/bmi500-venv/lib/python3.12/site-packages/numpy/core/fromnumeric.py,2687,_max_dispatcher,1,1,1.8000000000000002e-07,1.8000000000000002e-07
/home/zsun264/bmi500-venv/lib/python3.12/site-packages/pandas/core/indexes/base.py,4447,_maybe_preserve_names,1,1,1.7000000000000001e-07,1.7000000000000001e-07
/home/zsun264/bmi500-venv/lib/python3.12/site-packages/numpy/core/fromnumeric.py,2831,_min_dispatcher,1,1,1.7000000000000001e-07,1.7000000000000001e-07
/home/zsun264/bmi500-venv/lib/python3.12/site-packages/numpy/core/multiarray.py,669,result_type,1,1,1.4e-07,1.4e-07
